tid,tdate,codetype,zlhy
241853,20100416,IF,IF1005
241870,20100419,IF,IF1005
241887,20100420,IF,IF1005
241904,20100421,IF,IF1005
241921,20100422,IF,IF1005
241938,20100423,IF,IF1005
241955,20100426,IF,IF1005
241972,20100427,IF,IF1005
241989,20100428,IF,IF1005
242006,20100429,IF,IF1005
242023,20100430,IF,IF1005
242040,20100504,IF,IF1005
242057,20100505,IF,IF1005
242074,20100506,IF,IF1005
242091,20100507,IF,IF1005
242108,20100510,IF,IF1005
242125,20100511,IF,IF1005
242142,20100512,IF,IF1005
242159,20100513,IF,IF1005
242176,20100514,IF,IF1005
242193,20100517,IF,IF1005
242210,20100518,IF,IF1006
242227,20100519,IF,IF1006
242244,20100520,IF,IF1006
242261,20100521,IF,IF1006
242278,20100524,IF,IF1006
242295,20100525,IF,IF1006
242312,20100526,IF,IF1006
242329,20100527,IF,IF1006
242346,20100528,IF,IF1006
242363,20100531,IF,IF1006
242380,20100601,IF,IF1006
242397,20100602,IF,IF1006
242414,20100603,IF,IF1006
242431,20100604,IF,IF1006
242448,20100607,IF,IF1006
242465,20100608,IF,IF1006
242482,20100609,IF,IF1006
242499,20100610,IF,IF1006
242516,20100611,IF,IF1006
242533,20100617,IF,IF1007
242550,20100618,IF,IF1007
242567,20100621,IF,IF1007
242584,20100622,IF,IF1007
242601,20100623,IF,IF1007
242618,20100624,IF,IF1007
242635,20100625,IF,IF1007
242652,20100628,IF,IF1007
242669,20100629,IF,IF1007
242686,20100630,IF,IF1007
242703,20100701,IF,IF1007
242720,20100702,IF,IF1007
242737,20100705,IF,IF1007
242754,20100706,IF,IF1007
242771,20100707,IF,IF1007
242788,20100708,IF,IF1007
242805,20100709,IF,IF1007
242822,20100712,IF,IF1007
242839,20100713,IF,IF1007
242856,20100714,IF,IF1007
242873,20100715,IF,IF1008
242890,20100716,IF,IF1008
242907,20100719,IF,IF1008
242924,20100720,IF,IF1008
242941,20100721,IF,IF1008
242958,20100722,IF,IF1008
242975,20100723,IF,IF1008
242992,20100726,IF,IF1008
243009,20100727,IF,IF1008
243026,20100728,IF,IF1008
243043,20100729,IF,IF1008
243060,20100730,IF,IF1008
243077,20100802,IF,IF1008
243094,20100803,IF,IF1008
243111,20100804,IF,IF1008
243128,20100805,IF,IF1008
243145,20100806,IF,IF1008
243162,20100809,IF,IF1008
243179,20100810,IF,IF1008
243196,20100811,IF,IF1008
243213,20100812,IF,IF1008
243230,20100813,IF,IF1008
243247,20100816,IF,IF1008
243264,20100817,IF,IF1008
243281,20100818,IF,IF1009
243298,20100819,IF,IF1009
243315,20100820,IF,IF1009
243332,20100823,IF,IF1009
243349,20100824,IF,IF1009
243366,20100825,IF,IF1009
243383,20100826,IF,IF1009
243400,20100827,IF,IF1009
243417,20100830,IF,IF1009
243434,20100831,IF,IF1009
243451,20100901,IF,IF1009
243468,20100902,IF,IF1009
243485,20100903,IF,IF1009
243502,20100906,IF,IF1009
243519,20100907,IF,IF1009
243536,20100908,IF,IF1009
243553,20100909,IF,IF1009
243570,20100910,IF,IF1009
243587,20100913,IF,IF1009
243604,20100914,IF,IF1009
243621,20100915,IF,IF1009
243638,20100916,IF,IF1010
243655,20100917,IF,IF1010
243672,20100920,IF,IF1010
243689,20100921,IF,IF1010
243706,20100927,IF,IF1010
243723,20100928,IF,IF1010
243740,20100929,IF,IF1010
243757,20100930,IF,IF1010
243782,20101011,IF,IF1010
243799,20101012,IF,IF1010
243816,20101013,IF,IF1010
243833,20101014,IF,IF1011
243850,20101015,IF,IF1011
243867,20101018,IF,IF1011
243884,20101019,IF,IF1011
243901,20101020,IF,IF1011
243918,20101021,IF,IF1011
243935,20101022,IF,IF1011
243952,20101025,IF,IF1011
243969,20101026,IF,IF1011
243986,20101027,IF,IF1011
244003,20101028,IF,IF1011
244020,20101029,IF,IF1011
244037,20101101,IF,IF1011
244054,20101102,IF,IF1011
244071,20101103,IF,IF1011
244088,20101104,IF,IF1011
244105,20101105,IF,IF1011
244122,20101108,IF,IF1011
244139,20101109,IF,IF1011
244156,20101110,IF,IF1011
244173,20101111,IF,IF1012
244190,20101112,IF,IF1012
244207,20101115,IF,IF1012
244224,20101116,IF,IF1012
244241,20101117,IF,IF1012
244258,20101118,IF,IF1012
244275,20101119,IF,IF1012
244292,20101122,IF,IF1012
244309,20101123,IF,IF1012
244326,20101124,IF,IF1012
244343,20101125,IF,IF1012
244360,20101126,IF,IF1012
244377,20101129,IF,IF1012
244394,20101130,IF,IF1012
244411,20101201,IF,IF1012
244428,20101202,IF,IF1012
244445,20101203,IF,IF1012
244462,20101206,IF,IF1012
244479,20101207,IF,IF1012
244496,20101208,IF,IF1012
244513,20101209,IF,IF1012
244530,20101210,IF,IF1012
244547,20101213,IF,IF1012
244564,20101214,IF,IF1012
244581,20101215,IF,IF1101
244598,20101216,IF,IF1101
244615,20101217,IF,IF1101
244632,20101220,IF,IF1101
244649,20101221,IF,IF1101
244666,20101222,IF,IF1101
244683,20101223,IF,IF1101
244700,20101224,IF,IF1101
244717,20101227,IF,IF1101
244734,20101228,IF,IF1101
244751,20101229,IF,IF1101
244768,20101230,IF,IF1101
244785,20101231,IF,IF1101
244802,20110104,IF,IF1101
244819,20110105,IF,IF1101
244836,20110106,IF,IF1101
244853,20110107,IF,IF1101
244870,20110110,IF,IF1101
244887,20110111,IF,IF1101
244904,20110112,IF,IF1101
244921,20110113,IF,IF1101
244938,20110114,IF,IF1101
244955,20110117,IF,IF1101
244972,20110118,IF,IF1101
244989,20110119,IF,IF1101
245006,20110120,IF,IF1102
245023,20110121,IF,IF1102
245040,20110124,IF,IF1102
245057,20110125,IF,IF1102
245074,20110126,IF,IF1102
245091,20110127,IF,IF1102
245108,20110128,IF,IF1102
245125,20110131,IF,IF1102
245142,20110201,IF,IF1102
245159,20110209,IF,IF1102
245176,20110210,IF,IF1102
245193,20110211,IF,IF1102
245210,20110214,IF,IF1102
245227,20110215,IF,IF1103
245244,20110216,IF,IF1103
245261,20110217,IF,IF1103
245278,20110218,IF,IF1103
245295,20110221,IF,IF1103
245312,20110222,IF,IF1103
245329,20110223,IF,IF1103
245346,20110224,IF,IF1103
245363,20110225,IF,IF1103
245380,20110228,IF,IF1103
245397,20110301,IF,IF1103
245414,20110302,IF,IF1103
245431,20110303,IF,IF1103
245448,20110304,IF,IF1103
245465,20110307,IF,IF1103
245482,20110308,IF,IF1103
245499,20110309,IF,IF1103
245516,20110310,IF,IF1103
245533,20110311,IF,IF1103
245550,20110314,IF,IF1103
245567,20110315,IF,IF1103
245584,20110316,IF,IF1104
245601,20110317,IF,IF1104
245618,20110318,IF,IF1104
245635,20110321,IF,IF1104
245652,20110322,IF,IF1104
245669,20110323,IF,IF1104
245686,20110324,IF,IF1104
245704,20110325,IF,IF1104
245722,20110328,IF,IF1104
245740,20110329,IF,IF1104
245758,20110330,IF,IF1104
245776,20110331,IF,IF1104
245794,20110401,IF,IF1104
245812,20110406,IF,IF1104
245830,20110407,IF,IF1104
245848,20110408,IF,IF1104
245866,20110411,IF,IF1104
245884,20110412,IF,IF1104
245902,20110413,IF,IF1104
245920,20110414,IF,IF1105
245938,20110415,IF,IF1105
245957,20110418,IF,IF1105
245976,20110419,IF,IF1105
245995,20110420,IF,IF1105
246014,20110421,IF,IF1105
246033,20110422,IF,IF1105
246052,20110425,IF,IF1105
246071,20110426,IF,IF1105
246090,20110427,IF,IF1105
246109,20110428,IF,IF1105
246128,20110429,IF,IF1105
246147,20110503,IF,IF1105
246166,20110504,IF,IF1105
246185,20110505,IF,IF1105
246204,20110506,IF,IF1105
246223,20110509,IF,IF1105
246242,20110510,IF,IF1105
246261,20110511,IF,IF1105
246280,20110512,IF,IF1105
246299,20110513,IF,IF1105
246318,20110516,IF,IF1105
246337,20110517,IF,IF1106
246356,20110518,IF,IF1106
246375,20110519,IF,IF1106
246394,20110520,IF,IF1106
246413,20110523,IF,IF1106
246432,20110524,IF,IF1106
246451,20110525,IF,IF1106
246470,20110526,IF,IF1106
246489,20110527,IF,IF1106
246508,20110530,IF,IF1106
246527,20110531,IF,IF1106
246546,20110601,IF,IF1106
246565,20110602,IF,IF1106
246584,20110603,IF,IF1106
246603,20110607,IF,IF1106
246622,20110608,IF,IF1106
246641,20110609,IF,IF1106
246660,20110610,IF,IF1106
246679,20110613,IF,IF1106
246698,20110614,IF,IF1106
246717,20110615,IF,IF1106
246736,20110616,IF,IF1107
246755,20110617,IF,IF1107
246774,20110620,IF,IF1107
246793,20110621,IF,IF1107
246812,20110622,IF,IF1107
246831,20110623,IF,IF1107
246850,20110624,IF,IF1107
246869,20110627,IF,IF1107
246888,20110628,IF,IF1107
246907,20110629,IF,IF1107
246926,20110630,IF,IF1107
246945,20110701,IF,IF1107
246964,20110704,IF,IF1107
246983,20110705,IF,IF1107
247002,20110706,IF,IF1107
247021,20110707,IF,IF1107
247040,20110708,IF,IF1107
247059,20110711,IF,IF1107
247078,20110712,IF,IF1107
247097,20110713,IF,IF1107
247116,20110714,IF,IF1108
247135,20110715,IF,IF1108
247154,20110718,IF,IF1108
247173,20110719,IF,IF1108
247192,20110720,IF,IF1108
247211,20110721,IF,IF1108
247230,20110722,IF,IF1108
247249,20110725,IF,IF1108
247268,20110726,IF,IF1108
247287,20110727,IF,IF1108
247306,20110728,IF,IF1108
247325,20110729,IF,IF1108
247344,20110801,IF,IF1108
247363,20110802,IF,IF1108
247382,20110803,IF,IF1108
247401,20110804,IF,IF1108
247420,20110805,IF,IF1108
247439,20110808,IF,IF1108
247458,20110809,IF,IF1108
247477,20110810,IF,IF1108
247496,20110811,IF,IF1108
247515,20110812,IF,IF1108
247534,20110815,IF,IF1108
247553,20110816,IF,IF1109
247572,20110817,IF,IF1109
247591,20110818,IF,IF1109
247610,20110819,IF,IF1109
247629,20110822,IF,IF1109
247648,20110823,IF,IF1109
247667,20110824,IF,IF1109
247686,20110825,IF,IF1109
247705,20110826,IF,IF1109
247724,20110829,IF,IF1109
247743,20110830,IF,IF1109
247762,20110831,IF,IF1109
247781,20110901,IF,IF1109
247800,20110902,IF,IF1109
247819,20110905,IF,IF1109
247838,20110906,IF,IF1109
247857,20110907,IF,IF1109
247876,20110908,IF,IF1109
247895,20110909,IF,IF1109
247914,20110913,IF,IF1109
247933,20110914,IF,IF1109
247952,20110915,IF,IF1110
247971,20110916,IF,IF1110
247990,20110919,IF,IF1110
248009,20110920,IF,IF1110
248028,20110921,IF,IF1110
248047,20110922,IF,IF1110
248066,20110923,IF,IF1110
248085,20110926,IF,IF1110
248104,20110927,IF,IF1110
248123,20110928,IF,IF1110
248142,20110929,IF,IF1110
248161,20110930,IF,IF1110
248180,20111010,IF,IF1110
248199,20111011,IF,IF1110
248218,20111012,IF,IF1110
248237,20111013,IF,IF1110
248256,20111014,IF,IF1110
248275,20111017,IF,IF1110
248294,20111018,IF,IF1110
248313,20111019,IF,IF1111
248332,20111020,IF,IF1111
248351,20111021,IF,IF1111
248370,20111024,IF,IF1111
248389,20111025,IF,IF1111
248408,20111026,IF,IF1111
248427,20111027,IF,IF1111
248446,20111028,IF,IF1111
248465,20111031,IF,IF1111
248484,20111101,IF,IF1111
248503,20111102,IF,IF1111
248522,20111103,IF,IF1111
248541,20111104,IF,IF1111
248560,20111107,IF,IF1111
248579,20111108,IF,IF1111
248598,20111109,IF,IF1111
248617,20111110,IF,IF1111
248636,20111111,IF,IF1111
248655,20111114,IF,IF1111
248674,20111115,IF,IF1111
248693,20111116,IF,IF1112
248712,20111117,IF,IF1112
248731,20111118,IF,IF1112
248750,20111121,IF,IF1112
248769,20111122,IF,IF1112
248788,20111123,IF,IF1112
248807,20111124,IF,IF1112
248826,20111125,IF,IF1112
248845,20111128,IF,IF1112
248864,20111129,IF,IF1112
248883,20111130,IF,IF1112
248902,20111201,IF,IF1112
248921,20111202,IF,IF1112
105054,20111205,IF,IF1112
105055,20111206,IF,IF1112
105056,20111207,IF,IF1112
105057,20111208,IF,IF1112
105058,20111209,IF,IF1112
105059,20111212,IF,IF1112
105060,20111213,IF,IF1112
105061,20111214,IF,IF1112
105062,20111215,IF,IF1201
105063,20111216,IF,IF1201
105064,20111219,IF,IF1201
105065,20111220,IF,IF1201
105066,20111221,IF,IF1201
105067,20111222,IF,IF1201
105068,20111223,IF,IF1201
105069,20111226,IF,IF1201
105070,20111227,IF,IF1201
105071,20111228,IF,IF1201
105072,20111229,IF,IF1201
105073,20111230,IF,IF1201
10,20120104,IF,IF1201
37,20120105,IF,IF1201
64,20120106,IF,IF1201
91,20120109,IF,IF1201
118,20120110,IF,IF1201
145,20120111,IF,IF1201
172,20120112,IF,IF1201
199,20120113,IF,IF1201
226,20120116,IF,IF1201
253,20120117,IF,IF1201
281,20120118,IF,IF1202
309,20120119,IF,IF1202
337,20120120,IF,IF1202
365,20120130,IF,IF1202
393,20120131,IF,IF1202
421,20120201,IF,IF1202
449,20120202,IF,IF1202
477,20120203,IF,IF1202
505,20120206,IF,IF1202
533,20120207,IF,IF1202
561,20120208,IF,IF1202
589,20120209,IF,IF1202
617,20120210,IF,IF1202
645,20120213,IF,IF1202
673,20120214,IF,IF1202
701,20120215,IF,IF1203
729,20120216,IF,IF1203
757,20120217,IF,IF1203
785,20120220,IF,IF1203
813,20120221,IF,IF1203
841,20120222,IF,IF1203
869,20120223,IF,IF1203
897,20120224,IF,IF1203
925,20120227,IF,IF1203
953,20120228,IF,IF1203
981,20120229,IF,IF1203
1009,20120301,IF,IF1203
1037,20120302,IF,IF1203
1065,20120305,IF,IF1203
1093,20120306,IF,IF1203
1121,20120307,IF,IF1203
1149,20120308,IF,IF1203
1177,20120309,IF,IF1203
1205,20120312,IF,IF1203
1233,20120313,IF,IF1203
1261,20120314,IF,IF1204
1289,20120315,IF,IF1204
1317,20120316,IF,IF1204
1345,20120319,IF,IF1204
1373,20120320,IF,IF1204
1401,20120321,IF,IF1204
1429,20120322,IF,IF1204
1457,20120323,IF,IF1204
1485,20120326,IF,IF1204
1513,20120327,IF,IF1204
1541,20120328,IF,IF1204
1569,20120329,IF,IF1204
1597,20120330,IF,IF1204
1625,20120405,IF,IF1204
1653,20120406,IF,IF1204
1681,20120409,IF,IF1204
1709,20120410,IF,IF1204
1737,20120411,IF,IF1204
1765,20120412,IF,IF1204
1793,20120413,IF,IF1204
1821,20120416,IF,IF1204
1849,20120417,IF,IF1204
1877,20120418,IF,IF1205
1905,20120419,IF,IF1205
1933,20120420,IF,IF1205
1961,20120423,IF,IF1205
1989,20120424,IF,IF1205
2017,20120425,IF,IF1205
2045,20120426,IF,IF1205
2073,20120427,IF,IF1205
2101,20120502,IF,IF1205
2129,20120503,IF,IF1205
2157,20120504,IF,IF1205
2185,20120507,IF,IF1205
2213,20120508,IF,IF1205
2241,20120509,IF,IF1205
2270,20120510,IF,IF1205
2299,20120511,IF,IF1205
2328,20120514,IF,IF1205
2357,20120515,IF,IF1205
2386,20120516,IF,IF1206
2415,20120517,IF,IF1206
2444,20120518,IF,IF1206
2473,20120521,IF,IF1206
2502,20120522,IF,IF1206
2531,20120523,IF,IF1206
2560,20120524,IF,IF1206
2589,20120525,IF,IF1206
2618,20120528,IF,IF1206
2647,20120529,IF,IF1206
2676,20120530,IF,IF1206
2705,20120531,IF,IF1206
2734,20120601,IF,IF1206
2763,20120604,IF,IF1206
2792,20120605,IF,IF1206
2821,20120606,IF,IF1206
2850,20120607,IF,IF1206
2879,20120608,IF,IF1206
2908,20120611,IF,IF1206
2937,20120612,IF,IF1206
2966,20120613,IF,IF1207
2995,20120614,IF,IF1207
3024,20120615,IF,IF1207
3053,20120618,IF,IF1207
3082,20120619,IF,IF1207
3111,20120620,IF,IF1207
3140,20120621,IF,IF1207
3169,20120625,IF,IF1207
3198,20120626,IF,IF1207
3227,20120627,IF,IF1207
3256,20120628,IF,IF1207
3285,20120629,IF,IF1207
3314,20120702,IF,IF1207
3343,20120703,IF,IF1207
3372,20120704,IF,IF1207
3401,20120705,IF,IF1207
3430,20120706,IF,IF1207
3459,20120709,IF,IF1207
3488,20120710,IF,IF1207
3517,20120711,IF,IF1207
3546,20120712,IF,IF1207
3575,20120713,IF,IF1207
3604,20120716,IF,IF1207
3634,20120717,IF,IF1207
3664,20120718,IF,IF1208
3694,20120719,IF,IF1208
3724,20120720,IF,IF1208
3754,20120723,IF,IF1208
3784,20120724,IF,IF1208
3816,20120725,IF,IF1208
3848,20120726,IF,IF1208
3880,20120727,IF,IF1208
3912,20120730,IF,IF1208
3944,20120731,IF,IF1208
3976,20120801,IF,IF1208
4008,20120802,IF,IF1208
4040,20120803,IF,IF1208
4072,20120806,IF,IF1208
4104,20120807,IF,IF1208
4136,20120808,IF,IF1208
4168,20120809,IF,IF1208
4200,20120810,IF,IF1208
4232,20120813,IF,IF1208
4264,20120814,IF,IF1208
4296,20120815,IF,IF1209
4328,20120816,IF,IF1209
4360,20120817,IF,IF1209
4392,20120820,IF,IF1209
4424,20120821,IF,IF1209
4456,20120822,IF,IF1209
4488,20120823,IF,IF1209
4520,20120824,IF,IF1209
4552,20120827,IF,IF1209
4584,20120828,IF,IF1209
4616,20120829,IF,IF1209
4648,20120830,IF,IF1209
4680,20120831,IF,IF1209
4712,20120903,IF,IF1209
4744,20120904,IF,IF1209
4776,20120905,IF,IF1209
4808,20120906,IF,IF1209
4840,20120907,IF,IF1209
4872,20120910,IF,IF1209
4904,20120911,IF,IF1209
4936,20120912,IF,IF1209
4968,20120913,IF,IF1209
5000,20120914,IF,IF1209
5032,20120917,IF,IF1209
5064,20120918,IF,IF1209
5096,20120919,IF,IF1210
5128,20120920,IF,IF1210
5160,20120921,IF,IF1210
5192,20120924,IF,IF1210
5224,20120925,IF,IF1210
5256,20120926,IF,IF1210
5288,20120927,IF,IF1210
5320,20120928,IF,IF1210
5352,20121008,IF,IF1210
5384,20121009,IF,IF1210
5416,20121010,IF,IF1210
5448,20121011,IF,IF1210
5480,20121012,IF,IF1210
5512,20121015,IF,IF1210
5544,20121016,IF,IF1210
5576,20121017,IF,IF1210
5608,20121018,IF,IF1211
5640,20121019,IF,IF1211
5672,20121022,IF,IF1211
5704,20121023,IF,IF1211
5736,20121024,IF,IF1211
5768,20121025,IF,IF1211
5800,20121026,IF,IF1211
5832,20121029,IF,IF1211
5864,20121030,IF,IF1211
5896,20121031,IF,IF1211
5928,20121101,IF,IF1211
5960,20121102,IF,IF1211
5992,20121105,IF,IF1211
6024,20121106,IF,IF1211
6056,20121107,IF,IF1211
6088,20121108,IF,IF1211
6120,20121109,IF,IF1211
6152,20121112,IF,IF1211
6184,20121113,IF,IF1211
6216,20121114,IF,IF1211
6248,20121115,IF,IF1212
6280,20121116,IF,IF1212
6312,20121119,IF,IF1212
6344,20121120,IF,IF1212
6376,20121121,IF,IF1212
6408,20121122,IF,IF1212
6440,20121123,IF,IF1212
6471,20121126,IF,IF1212
6502,20121127,IF,IF1212
6533,20121128,IF,IF1212
6564,20121129,IF,IF1212
6595,20121130,IF,IF1212
6627,20121203,IF,IF1212
6659,20121204,IF,IF1212
6691,20121205,IF,IF1212
6723,20121206,IF,IF1212
6755,20121207,IF,IF1212
6787,20121210,IF,IF1212
6819,20121211,IF,IF1212
6851,20121212,IF,IF1212
6883,20121213,IF,IF1212
92157,20121214,IF,IF1212
6938,20121217,IF,IF1212
6970,20121218,IF,IF1301
7002,20121219,IF,IF1301
7034,20121220,IF,IF1301
7066,20121221,IF,IF1301
7098,20121224,IF,IF1301
7130,20121225,IF,IF1301
7162,20121226,IF,IF1301
7194,20121227,IF,IF1301
7226,20121228,IF,IF1301
7260,20121231,IF,IF1301
7294,20130104,IF,IF1301
7328,20130107,IF,IF1301
7362,20130108,IF,IF1301
7396,20130109,IF,IF1301
7430,20130110,IF,IF1301
7464,20130111,IF,IF1301
7498,20130114,IF,IF1301
7532,20130115,IF,IF1301
7566,20130116,IF,IF1302
7600,20130117,IF,IF1302
7634,20130118,IF,IF1302
7668,20130121,IF,IF1302
7702,20130122,IF,IF1302
7736,20130123,IF,IF1302
7770,20130124,IF,IF1302
7804,20130125,IF,IF1302
7838,20130128,IF,IF1302
7872,20130129,IF,IF1302
7906,20130130,IF,IF1302
7940,20130131,IF,IF1302
7974,20130201,IF,IF1302
8008,20130204,IF,IF1302
8042,20130205,IF,IF1302
8076,20130206,IF,IF1303
8110,20130207,IF,IF1303
8144,20130208,IF,IF1303
8178,20130218,IF,IF1303
8212,20130219,IF,IF1303
8246,20130220,IF,IF1303
8280,20130221,IF,IF1303
8314,20130222,IF,IF1303
8348,20130225,IF,IF1303
8382,20130226,IF,IF1303
8416,20130227,IF,IF1303
8450,20130228,IF,IF1303
8484,20130301,IF,IF1303
8518,20130304,IF,IF1303
8552,20130305,IF,IF1303
8586,20130306,IF,IF1303
8620,20130307,IF,IF1303
8654,20130308,IF,IF1303
8688,20130311,IF,IF1303
8722,20130312,IF,IF1303
8756,20130313,IF,IF1303
8790,20130314,IF,IF1304
8824,20130315,IF,IF1304
8858,20130318,IF,IF1304
8892,20130319,IF,IF1304
8926,20130320,IF,IF1304
8960,20130321,IF,IF1304
8994,20130322,IF,IF1304
9029,20130325,IF,IF1304
9064,20130326,IF,IF1304
9099,20130327,IF,IF1304
9134,20130328,IF,IF1304
9169,20130329,IF,IF1304
9204,20130401,IF,IF1304
9239,20130402,IF,IF1304
9274,20130403,IF,IF1304
9309,20130408,IF,IF1304
9344,20130409,IF,IF1304
9379,20130410,IF,IF1304
9414,20130411,IF,IF1304
9449,20130412,IF,IF1304
9484,20130415,IF,IF1304
9519,20130416,IF,IF1304
9554,20130417,IF,IF1304
9589,20130418,IF,IF1305
9624,20130419,IF,IF1305
9659,20130422,IF,IF1305
9694,20130423,IF,IF1305
9729,20130424,IF,IF1305
9764,20130425,IF,IF1305
9799,20130426,IF,IF1305
9834,20130502,IF,IF1305
9869,20130503,IF,IF1305
9904,20130506,IF,IF1305
9939,20130507,IF,IF1305
9974,20130508,IF,IF1305
10009,20130509,IF,IF1305
10044,20130510,IF,IF1305
10079,20130513,IF,IF1305
10114,20130514,IF,IF1305
10149,20130515,IF,IF1306
10184,20130516,IF,IF1306
10218,20130517,IF,IF1306
10252,20130520,IF,IF1306
10286,20130521,IF,IF1306
10320,20130522,IF,IF1306
10354,20130523,IF,IF1306
10387,20130524,IF,IF1306
10419,20130527,IF,IF1306
10451,20130528,IF,IF1306
10483,20130529,IF,IF1306
10515,20130530,IF,IF1306
10547,20130531,IF,IF1306
10579,20130603,IF,IF1306
10611,20130604,IF,IF1306
10643,20130605,IF,IF1306
10675,20130606,IF,IF1306
10707,20130607,IF,IF1306
10739,20130613,IF,IF1306
10771,20130614,IF,IF1306
10803,20130617,IF,IF1306
10835,20130618,IF,IF1306
10867,20130619,IF,IF1307
10899,20130620,IF,IF1307
10931,20130621,IF,IF1307
10963,20130624,IF,IF1307
10995,20130625,IF,IF1307
11027,20130626,IF,IF1307
11059,20130627,IF,IF1307
11091,20130628,IF,IF1307
11123,20130701,IF,IF1307
11155,20130702,IF,IF1307
11187,20130703,IF,IF1307
11219,20130704,IF,IF1307
11251,20130705,IF,IF1307
11283,20130708,IF,IF1307
11315,20130709,IF,IF1307
11347,20130710,IF,IF1307
11379,20130711,IF,IF1307
11411,20130712,IF,IF1307
11443,20130715,IF,IF1307
11475,20130716,IF,IF1307
11507,20130717,IF,IF1307
11539,20130718,IF,IF1308
11571,20130719,IF,IF1308
11603,20130722,IF,IF1308
11635,20130723,IF,IF1308
11667,20130724,IF,IF1308
11699,20130725,IF,IF1308
11731,20130726,IF,IF1308
11763,20130729,IF,IF1308
11795,20130730,IF,IF1308
11827,20130731,IF,IF1308
11859,20130801,IF,IF1308
11891,20130802,IF,IF1308
11923,20130805,IF,IF1308
11955,20130806,IF,IF1308
11987,20130807,IF,IF1308
12019,20130808,IF,IF1308
12051,20130809,IF,IF1308
12083,20130812,IF,IF1308
12115,20130813,IF,IF1308
12147,20130814,IF,IF1309
12179,20130815,IF,IF1309
12211,20130816,IF,IF1309
12243,20130819,IF,IF1309
12275,20130820,IF,IF1309
12307,20130821,IF,IF1309
12339,20130822,IF,IF1309
12371,20130823,IF,IF1309
12403,20130826,IF,IF1309
12435,20130827,IF,IF1309
12467,20130828,IF,IF1309
12499,20130829,IF,IF1309
12531,20130830,IF,IF1309
12563,20130902,IF,IF1309
12595,20130903,IF,IF1309
12627,20130904,IF,IF1309
12659,20130905,IF,IF1309
12691,20130906,IF,IF1309
12724,20130909,IF,IF1309
12757,20130910,IF,IF1309
12790,20130911,IF,IF1309
12823,20130912,IF,IF1309
12856,20130913,IF,IF1309
12889,20130916,IF,IF1309
12922,20130917,IF,IF1309
12955,20130918,IF,IF1310
12988,20130923,IF,IF1310
13021,20130924,IF,IF1310
13054,20130925,IF,IF1310
13087,20130926,IF,IF1310
13121,20130927,IF,IF1310
13155,20130930,IF,IF1310
13189,20131008,IF,IF1310
13224,20131009,IF,IF1310
13259,20131010,IF,IF1310
13294,20131011,IF,IF1310
13329,20131014,IF,IF1310
13364,20131015,IF,IF1310
13399,20131016,IF,IF1310
13434,20131017,IF,IF1311
13470,20131018,IF,IF1311
13506,20131021,IF,IF1311
13542,20131022,IF,IF1311
13578,20131023,IF,IF1311
13614,20131024,IF,IF1311
13650,20131025,IF,IF1311
13686,20131028,IF,IF1311
13722,20131029,IF,IF1311
13758,20131030,IF,IF1311
13794,20131031,IF,IF1311
13830,20131101,IF,IF1311
13866,20131104,IF,IF1311
13902,20131105,IF,IF1311
13938,20131106,IF,IF1311
13974,20131107,IF,IF1311
14010,20131108,IF,IF1311
14047,20131111,IF,IF1311
14084,20131112,IF,IF1311
14121,20131113,IF,IF1311
14158,20131114,IF,IF1312
14195,20131115,IF,IF1312
14232,20131118,IF,IF1312
14270,20131119,IF,IF1312
14308,20131120,IF,IF1312
14346,20131121,IF,IF1312
14384,20131122,IF,IF1312
14422,20131125,IF,IF1312
14460,20131126,IF,IF1312
14498,20131127,IF,IF1312
14536,20131128,IF,IF1312
14574,20131129,IF,IF1312
14612,20131202,IF,IF1312
14650,20131203,IF,IF1312
14688,20131204,IF,IF1312
14726,20131205,IF,IF1312
14766,20131206,IF,IF1312
14806,20131209,IF,IF1312
14846,20131210,IF,IF1312
14886,20131211,IF,IF1312
14926,20131212,IF,IF1312
14966,20131213,IF,IF1312
15006,20131216,IF,IF1312
15046,20131217,IF,IF1312
15086,20131218,IF,IF1312
15126,20131219,IF,IF1401
15166,20131220,IF,IF1401
15206,20131223,IF,IF1401
15246,20131224,IF,IF1401
15286,20131225,IF,IF1401
15326,20131226,IF,IF1401
15366,20131227,IF,IF1401
15406,20131230,IF,IF1401
15446,20131231,IF,IF1401
15486,20140102,IF,IF1401
15526,20140103,IF,IF1401
15566,20140106,IF,IF1401
15606,20140107,IF,IF1401
15646,20140108,IF,IF1401
15686,20140109,IF,IF1401
15726,20140110,IF,IF1401
15766,20140113,IF,IF1401
15806,20140114,IF,IF1401
15846,20140115,IF,IF1401
15886,20140116,IF,IF1401
15926,20140117,IF,IF1402
15966,20140120,IF,IF1402
16006,20140121,IF,IF1402
16046,20140122,IF,IF1402
16086,20140123,IF,IF1402
16126,20140124,IF,IF1402
16166,20140127,IF,IF1402
16206,20140128,IF,IF1402
16246,20140129,IF,IF1402
16286,20140130,IF,IF1402
16326,20140207,IF,IF1402
16366,20140210,IF,IF1402
16406,20140211,IF,IF1402
16446,20140212,IF,IF1402
16486,20140213,IF,IF1402
16526,20140214,IF,IF1402
16566,20140217,IF,IF1402
16606,20140218,IF,IF1402
16646,20140219,IF,IF1403
16686,20140220,IF,IF1403
16726,20140221,IF,IF1403
16766,20140224,IF,IF1403
16806,20140225,IF,IF1403
16846,20140226,IF,IF1403
16886,20140227,IF,IF1403
16926,20140228,IF,IF1403
16967,20140303,IF,IF1403
17008,20140304,IF,IF1403
17049,20140305,IF,IF1403
17090,20140306,IF,IF1403
17131,20140307,IF,IF1403
17172,20140310,IF,IF1403
17213,20140311,IF,IF1403
17254,20140312,IF,IF1403
17295,20140313,IF,IF1403
17336,20140314,IF,IF1403
17377,20140317,IF,IF1403
17418,20140318,IF,IF1403
17459,20140319,IF,IF1403
17500,20140320,IF,IF1404
17542,20140321,IF,IF1404
17584,20140324,IF,IF1404
17626,20140325,IF,IF1404
17668,20140326,IF,IF1404
17710,20140327,IF,IF1404
17752,20140328,IF,IF1404
17794,20140331,IF,IF1404
17836,20140401,IF,IF1404
17878,20140402,IF,IF1404
17920,20140403,IF,IF1404
17962,20140404,IF,IF1404
18004,20140408,IF,IF1404
18046,20140409,IF,IF1404
18088,20140410,IF,IF1404
18130,20140411,IF,IF1404
18172,20140414,IF,IF1404
18214,20140415,IF,IF1404
18256,20140416,IF,IF1404
18298,20140417,IF,IF1405
18340,20140418,IF,IF1405
18382,20140421,IF,IF1405
18424,20140422,IF,IF1405
18466,20140423,IF,IF1405
18508,20140424,IF,IF1405
18550,20140425,IF,IF1405
18592,20140428,IF,IF1405
18634,20140429,IF,IF1405
18676,20140430,IF,IF1405
18718,20140505,IF,IF1405
18760,20140506,IF,IF1405
18802,20140507,IF,IF1405
18844,20140508,IF,IF1405
18886,20140509,IF,IF1405
18928,20140512,IF,IF1405
18970,20140513,IF,IF1405
19012,20140514,IF,IF1405
19054,20140515,IF,IF1406
19096,20140516,IF,IF1406
19138,20140519,IF,IF1406
19180,20140520,IF,IF1406
19222,20140521,IF,IF1406
19264,20140522,IF,IF1406
19306,20140523,IF,IF1406
19348,20140526,IF,IF1406
19390,20140527,IF,IF1406
19432,20140528,IF,IF1406
19474,20140529,IF,IF1406
19516,20140530,IF,IF1406
19558,20140603,IF,IF1406
19600,20140604,IF,IF1406
19642,20140605,IF,IF1406
19684,20140606,IF,IF1406
19726,20140609,IF,IF1406
19768,20140610,IF,IF1406
19810,20140611,IF,IF1406
19852,20140612,IF,IF1406
19894,20140613,IF,IF1406
19936,20140616,IF,IF1406
19978,20140617,IF,IF1406
20021,20140618,IF,IF1406
20064,20140619,IF,IF1407
20107,20140620,IF,IF1407
20150,20140623,IF,IF1407
20193,20140624,IF,IF1407
20236,20140625,IF,IF1407
20279,20140626,IF,IF1407
20322,20140627,IF,IF1407
20365,20140630,IF,IF1407
20408,20140701,IF,IF1407
20451,20140702,IF,IF1407
20494,20140703,IF,IF1407
20537,20140704,IF,IF1407
20580,20140707,IF,IF1407
20623,20140708,IF,IF1407
20667,20140709,IF,IF1407
20711,20140710,IF,IF1407
20755,20140711,IF,IF1407
20799,20140714,IF,IF1407
20843,20140715,IF,IF1407
20887,20140716,IF,IF1407
20931,20140717,IF,IF1408
20975,20140718,IF,IF1408
21019,20140721,IF,IF1408
21063,20140722,IF,IF1408
21107,20140723,IF,IF1408
21151,20140724,IF,IF1408
21195,20140725,IF,IF1408
21239,20140728,IF,IF1408
21283,20140729,IF,IF1408
21327,20140730,IF,IF1408
21371,20140731,IF,IF1408
21415,20140801,IF,IF1408
21459,20140804,IF,IF1408
21503,20140805,IF,IF1408
21547,20140806,IF,IF1408
21591,20140807,IF,IF1408
21635,20140808,IF,IF1408
21681,20140811,IF,IF1408
21727,20140812,IF,IF1408
21773,20140813,IF,IF1408
21819,20140814,IF,IF1409
21865,20140815,IF,IF1409
21911,20140818,IF,IF1409
21957,20140819,IF,IF1409
22003,20140820,IF,IF1409
22049,20140821,IF,IF1409
22095,20140822,IF,IF1409
22141,20140825,IF,IF1409
22187,20140826,IF,IF1409
22233,20140827,IF,IF1409
22279,20140828,IF,IF1409
22325,20140829,IF,IF1409
22371,20140901,IF,IF1409
22417,20140902,IF,IF1409
22463,20140903,IF,IF1409
22509,20140904,IF,IF1409
22555,20140905,IF,IF1409
22601,20140909,IF,IF1409
22647,20140910,IF,IF1409
22693,20140911,IF,IF1409
22739,20140912,IF,IF1409
22785,20140915,IF,IF1409
22831,20140916,IF,IF1409
22877,20140917,IF,IF1409
22923,20140918,IF,IF1410
22969,20140919,IF,IF1410
23015,20140922,IF,IF1410
23061,20140923,IF,IF1410
23107,20140924,IF,IF1410
23153,20140925,IF,IF1410
23199,20140926,IF,IF1410
23245,20140929,IF,IF1410
23291,20140930,IF,IF1410
23337,20141008,IF,IF1410
23383,20141009,IF,IF1410
23429,20141010,IF,IF1410
23475,20141013,IF,IF1410
23521,20141014,IF,IF1410
23567,20141015,IF,IF1410
23613,20141016,IF,IF1411
23659,20141017,IF,IF1411
23705,20141020,IF,IF1411
23751,20141021,IF,IF1411
23797,20141022,IF,IF1411
23843,20141023,IF,IF1411
23889,20141024,IF,IF1411
23935,20141027,IF,IF1411
23981,20141028,IF,IF1411
24027,20141029,IF,IF1411
24073,20141030,IF,IF1411
24119,20141031,IF,IF1411
24165,20141103,IF,IF1411
24211,20141104,IF,IF1411
24257,20141105,IF,IF1411
24303,20141106,IF,IF1411
24349,20141107,IF,IF1411
24395,20141110,IF,IF1411
24441,20141111,IF,IF1411
24487,20141112,IF,IF1411
24533,20141113,IF,IF1411
24579,20141114,IF,IF1411
24625,20141117,IF,IF1411
24671,20141118,IF,IF1411
24717,20141119,IF,IF1412
24763,20141120,IF,IF1412
24809,20141121,IF,IF1412
24855,20141124,IF,IF1412
24901,20141125,IF,IF1412
24947,20141126,IF,IF1412
24993,20141127,IF,IF1412
25039,20141128,IF,IF1412
25085,20141201,IF,IF1412
25131,20141202,IF,IF1412
25177,20141203,IF,IF1412
25223,20141204,IF,IF1412
25269,20141205,IF,IF1412
25315,20141208,IF,IF1412
25361,20141209,IF,IF1412
25407,20141210,IF,IF1412
25453,20141211,IF,IF1412
25499,20141212,IF,IF1412
25545,20141215,IF,IF1412
25591,20141216,IF,IF1412
25637,20141217,IF,IF1501
25683,20141218,IF,IF1501
25730,20141219,IF,IF1501
25777,20141222,IF,IF1501
25824,20141223,IF,IF1501
25871,20141224,IF,IF1501
25918,20141225,IF,IF1501
25965,20141226,IF,IF1501
26012,20141229,IF,IF1501
26059,20141230,IF,IF1501
26106,20141231,IF,IF1501
26153,20150105,IF,IF1501
26200,20150106,IF,IF1501
26247,20150107,IF,IF1501
26294,20150108,IF,IF1501
26341,20150109,IF,IF1501
26388,20150112,IF,IF1501
26435,20150113,IF,IF1501
26482,20150114,IF,IF1501
26529,20150115,IF,IF1502
26576,20150116,IF,IF1502
26623,20150119,IF,IF1502
26670,20150120,IF,IF1502
26717,20150121,IF,IF1502
26764,20150122,IF,IF1502
26811,20150123,IF,IF1502
26858,20150126,IF,IF1502
26905,20150127,IF,IF1502
26952,20150128,IF,IF1502
26999,20150129,IF,IF1502
27046,20150130,IF,IF1502
27093,20150202,IF,IF1502
27140,20150203,IF,IF1502
27187,20150204,IF,IF1502
27234,20150205,IF,IF1502
27281,20150206,IF,IF1502
27328,20150209,IF,IF1502
27375,20150210,IF,IF1502
27422,20150211,IF,IF1502
27469,20150212,IF,IF1502
27516,20150213,IF,IF1502
27563,20150216,IF,IF1503
27610,20150217,IF,IF1503
27657,20150225,IF,IF1503
27704,20150226,IF,IF1503
27751,20150227,IF,IF1503
27798,20150302,IF,IF1503
27845,20150303,IF,IF1503
27892,20150304,IF,IF1503
27939,20150305,IF,IF1503
27986,20150306,IF,IF1503
28033,20150309,IF,IF1503
28080,20150310,IF,IF1503
28127,20150311,IF,IF1503
28174,20150312,IF,IF1503
28221,20150313,IF,IF1503
28268,20150316,IF,IF1503
28315,20150317,IF,IF1503
28362,20150318,IF,IF1503
28409,20150319,IF,IF1504
28456,20150320,IF,IF1504
28504,20150323,IF,IF1504
28552,20150324,IF,IF1504
28600,20150325,IF,IF1504
28648,20150326,IF,IF1504
28696,20150327,IF,IF1504
28746,20150330,IF,IF1504
28796,20150331,IF,IF1504
28846,20150401,IF,IF1504
28896,20150402,IF,IF1504
28946,20150403,IF,IF1504
28996,20150407,IF,IF1504
29046,20150408,IF,IF1504
29096,20150409,IF,IF1504
29146,20150410,IF,IF1504
29196,20150413,IF,IF1504
29246,20150414,IF,IF1504
29296,20150415,IF,IF1504
29347,20150416,IF,IF1505
29399,20150417,IF,IF1505
29451,20150420,IF,IF1505
29503,20150421,IF,IF1505
29555,20150422,IF,IF1505
29607,20150423,IF,IF1505
29659,20150424,IF,IF1505
29711,20150427,IF,IF1505
29763,20150428,IF,IF1505
29815,20150429,IF,IF1505
29867,20150430,IF,IF1505
29919,20150504,IF,IF1505
29971,20150505,IF,IF1505
30023,20150506,IF,IF1505
30075,20150507,IF,IF1505
30127,20150508,IF,IF1505
30179,20150511,IF,IF1505
30231,20150512,IF,IF1505
30283,20150513,IF,IF1505
30335,20150514,IF,IF1506
30387,20150515,IF,IF1506
30439,20150518,IF,IF1506
30491,20150519,IF,IF1506
30543,20150520,IF,IF1506
30595,20150521,IF,IF1506
30647,20150522,IF,IF1506
30699,20150525,IF,IF1506
30751,20150526,IF,IF1506
30803,20150527,IF,IF1506
30855,20150528,IF,IF1506
30907,20150529,IF,IF1506
30959,20150601,IF,IF1506
31011,20150602,IF,IF1506
31063,20150603,IF,IF1506
31115,20150604,IF,IF1506
31167,20150605,IF,IF1506
31219,20150608,IF,IF1506
31271,20150609,IF,IF1506
31323,20150610,IF,IF1506
31375,20150611,IF,IF1506
31427,20150612,IF,IF1506
31479,20150615,IF,IF1506
31531,20150616,IF,IF1506
31583,20150617,IF,IF1506
31635,20150618,IF,IF1507
31687,20150619,IF,IF1507
31739,20150623,IF,IF1507
31791,20150624,IF,IF1507
31843,20150625,IF,IF1507
31895,20150626,IF,IF1507
31947,20150629,IF,IF1507
31999,20150630,IF,IF1507
32051,20150701,IF,IF1507
32103,20150702,IF,IF1507
32155,20150703,IF,IF1507
32207,20150706,IF,IF1507
32259,20150707,IF,IF1507
32311,20150708,IF,IF1507
32363,20150709,IF,IF1507
32415,20150710,IF,IF1507
32467,20150713,IF,IF1507
32519,20150714,IF,IF1507
32571,20150715,IF,IF1507
32623,20150716,IF,IF1508
32675,20150717,IF,IF1508
32727,20150720,IF,IF1508
32779,20150721,IF,IF1508
32831,20150722,IF,IF1508
32883,20150723,IF,IF1508
32935,20150724,IF,IF1508
32987,20150727,IF,IF1508
33039,20150728,IF,IF1508
33091,20150729,IF,IF1508
33143,20150730,IF,IF1508
33195,20150731,IF,IF1508
33247,20150803,IF,IF1508
33299,20150804,IF,IF1508
33351,20150805,IF,IF1508
33403,20150806,IF,IF1508
33455,20150807,IF,IF1508
33507,20150810,IF,IF1508
33559,20150811,IF,IF1508
33611,20150812,IF,IF1508
33663,20150813,IF,IF1508
33715,20150814,IF,IF1508
33767,20150817,IF,IF1508
33819,20150818,IF,IF1508
33871,20150819,IF,IF1508
33923,20150820,IF,IF1509
33975,20150821,IF,IF1509
34027,20150824,IF,IF1509
34079,20150825,IF,IF1509
34131,20150826,IF,IF1509
34183,20150827,IF,IF1509
34235,20150828,IF,IF1509
34287,20150831,IF,IF1509
34339,20150901,IF,IF1509
34391,20150902,IF,IF1509
34443,20150907,IF,IF1509
34495,20150908,IF,IF1509
34547,20150909,IF,IF1509
34599,20150910,IF,IF1509
34651,20150911,IF,IF1509
34703,20150914,IF,IF1509
34755,20150915,IF,IF1509
34807,20150916,IF,IF1509
34859,20150917,IF,IF1510
34911,20150918,IF,IF1510
34963,20150921,IF,IF1510
35015,20150922,IF,IF1510
35067,20150923,IF,IF1510
35119,20150924,IF,IF1510
35171,20150925,IF,IF1510
35223,20150928,IF,IF1510
35275,20150929,IF,IF1510
35327,20150930,IF,IF1510
35379,20151008,IF,IF1510
35431,20151009,IF,IF1510
35483,20151012,IF,IF1510
35535,20151013,IF,IF1510
35587,20151014,IF,IF1510
35639,20151015,IF,IF1510
35691,20151016,IF,IF1511
35743,20151019,IF,IF1511
35795,20151020,IF,IF1511
35847,20151021,IF,IF1511
35899,20151022,IF,IF1511
35951,20151023,IF,IF1511
36003,20151026,IF,IF1511
36055,20151027,IF,IF1511
36107,20151028,IF,IF1511
36159,20151029,IF,IF1511
36211,20151030,IF,IF1511
36263,20151102,IF,IF1511
36315,20151103,IF,IF1511
36367,20151104,IF,IF1511
36419,20151105,IF,IF1511
36471,20151106,IF,IF1511
36523,20151109,IF,IF1511
36575,20151110,IF,IF1511
36627,20151111,IF,IF1511
36679,20151112,IF,IF1511
36731,20151113,IF,IF1511
36783,20151116,IF,IF1511
36835,20151117,IF,IF1512
36887,20151118,IF,IF1512
36939,20151119,IF,IF1512
36991,20151120,IF,IF1512
37043,20151123,IF,IF1512
37095,20151124,IF,IF1512
37147,20151125,IF,IF1512
37199,20151126,IF,IF1512
37251,20151127,IF,IF1512
37303,20151130,IF,IF1512
37355,20151201,IF,IF1512
37407,20151202,IF,IF1512
37459,20151203,IF,IF1512
37511,20151204,IF,IF1512
37563,20151207,IF,IF1512
37615,20151208,IF,IF1512
37667,20151209,IF,IF1512
37719,20151210,IF,IF1512
37771,20151211,IF,IF1512
37823,20151214,IF,IF1512
37875,20151215,IF,IF1512
37927,20151216,IF,IF1512
37979,20151217,IF,IF1601
38031,20151218,IF,IF1601
38083,20151221,IF,IF1601
38135,20151222,IF,IF1601
38187,20151223,IF,IF1601
38239,20151224,IF,IF1601
38291,20151225,IF,IF1601
38343,20151228,IF,IF1601
38395,20151229,IF,IF1601
38447,20151230,IF,IF1601
38499,20151231,IF,IF1601
38551,20160104,IF,IF1601
38603,20160105,IF,IF1601
38655,20160106,IF,IF1601
38707,20160107,IF,IF1601
38759,20160108,IF,IF1601
38811,20160111,IF,IF1601
38863,20160112,IF,IF1601
38915,20160113,IF,IF1601
38967,20160114,IF,IF1601
39019,20160115,IF,IF1602
39071,20160118,IF,IF1602
39123,20160119,IF,IF1602
39175,20160120,IF,IF1602
39227,20160121,IF,IF1602
39279,20160122,IF,IF1602
39331,20160125,IF,IF1602
39383,20160126,IF,IF1602
39435,20160127,IF,IF1602
39487,20160128,IF,IF1602
39539,20160129,IF,IF1602
39591,20160201,IF,IF1602
39643,20160202,IF,IF1602
39695,20160203,IF,IF1602
39747,20160204,IF,IF1602
39799,20160205,IF,IF1602
39851,20160215,IF,IF1602
39903,20160216,IF,IF1602
39955,20160217,IF,IF1603
40007,20160218,IF,IF1603
40059,20160219,IF,IF1603
40111,20160222,IF,IF1603
40163,20160223,IF,IF1603
40215,20160224,IF,IF1603
40267,20160225,IF,IF1603
40319,20160226,IF,IF1603
40371,20160229,IF,IF1603
40423,20160301,IF,IF1603
40475,20160302,IF,IF1603
40527,20160303,IF,IF1603
40579,20160304,IF,IF1603
40631,20160307,IF,IF1603
40683,20160308,IF,IF1603
40735,20160309,IF,IF1603
40787,20160310,IF,IF1603
40839,20160311,IF,IF1603
40891,20160314,IF,IF1603
40943,20160315,IF,IF1603
40995,20160316,IF,IF1603
41047,20160317,IF,IF1604
41099,20160318,IF,IF1604
41151,20160321,IF,IF1604
41203,20160322,IF,IF1604
41255,20160323,IF,IF1604
41307,20160324,IF,IF1604
41359,20160325,IF,IF1604
41411,20160328,IF,IF1604
41463,20160329,IF,IF1604
41515,20160330,IF,IF1604
41567,20160331,IF,IF1604
41619,20160401,IF,IF1604
41671,20160405,IF,IF1604
41723,20160406,IF,IF1604
41775,20160407,IF,IF1604
41827,20160408,IF,IF1604
41879,20160411,IF,IF1604
41930,20160412,IF,IF1604
41981,20160413,IF,IF1604
42032,20160414,IF,IF1605
42083,20160415,IF,IF1605
42134,20160418,IF,IF1605
42185,20160419,IF,IF1605
42236,20160420,IF,IF1605
42287,20160421,IF,IF1605
42338,20160422,IF,IF1605
42389,20160425,IF,IF1605
42440,20160426,IF,IF1605
42491,20160427,IF,IF1605
42542,20160428,IF,IF1605
42593,20160429,IF,IF1605
42644,20160503,IF,IF1605
42695,20160504,IF,IF1605
42746,20160505,IF,IF1605
42797,20160506,IF,IF1605
42848,20160509,IF,IF1605
42899,20160510,IF,IF1605
42950,20160511,IF,IF1605
43001,20160512,IF,IF1605
43052,20160513,IF,IF1605
43103,20160516,IF,IF1605
43154,20160517,IF,IF1605
43205,20160518,IF,IF1606
43256,20160519,IF,IF1606
43307,20160520,IF,IF1606
43358,20160523,IF,IF1606
43409,20160524,IF,IF1606
43460,20160525,IF,IF1606
43511,20160526,IF,IF1606
43562,20160527,IF,IF1606
43613,20160530,IF,IF1606
43664,20160531,IF,IF1606
43715,20160601,IF,IF1606
43766,20160602,IF,IF1606
43817,20160603,IF,IF1606
43868,20160606,IF,IF1606
43919,20160607,IF,IF1606
43970,20160608,IF,IF1606
44021,20160613,IF,IF1606
44072,20160614,IF,IF1606
44123,20160615,IF,IF1606
44174,20160616,IF,IF1607
44225,20160617,IF,IF1607
44276,20160620,IF,IF1607
44327,20160621,IF,IF1607
44378,20160622,IF,IF1607
44429,20160623,IF,IF1607
44480,20160624,IF,IF1607
44531,20160627,IF,IF1607
44582,20160628,IF,IF1607
44633,20160629,IF,IF1607
44684,20160630,IF,IF1607
44735,20160701,IF,IF1607
44786,20160704,IF,IF1607
44837,20160705,IF,IF1607
44888,20160706,IF,IF1607
44939,20160707,IF,IF1607
44990,20160708,IF,IF1607
45041,20160711,IF,IF1607
45092,20160712,IF,IF1607
45143,20160713,IF,IF1607
45194,20160714,IF,IF1608
45245,20160715,IF,IF1608
45296,20160718,IF,IF1608
45347,20160719,IF,IF1608
45398,20160720,IF,IF1608
45449,20160721,IF,IF1608
45500,20160722,IF,IF1608
45551,20160725,IF,IF1608
45602,20160726,IF,IF1608
45653,20160727,IF,IF1608
45704,20160728,IF,IF1608
45755,20160729,IF,IF1608
45806,20160801,IF,IF1608
45857,20160802,IF,IF1608
45908,20160803,IF,IF1608
45959,20160804,IF,IF1608
46010,20160805,IF,IF1608
46061,20160808,IF,IF1608
46112,20160809,IF,IF1608
46163,20160810,IF,IF1608
46214,20160811,IF,IF1608
46265,20160812,IF,IF1608
46316,20160815,IF,IF1608
46367,20160816,IF,IF1609
46418,20160817,IF,IF1609
46469,20160818,IF,IF1609
46520,20160819,IF,IF1609
46571,20160822,IF,IF1609
46622,20160823,IF,IF1609
46673,20160824,IF,IF1609
46724,20160825,IF,IF1609
46775,20160826,IF,IF1609
46826,20160829,IF,IF1609
46877,20160830,IF,IF1609
46928,20160831,IF,IF1609
46979,20160901,IF,IF1609
47030,20160902,IF,IF1609
47081,20160905,IF,IF1609
47132,20160906,IF,IF1609
47183,20160907,IF,IF1609
47234,20160908,IF,IF1609
47285,20160909,IF,IF1609
47336,20160912,IF,IF1609
47387,20160913,IF,IF1609
47438,20160914,IF,IF1610
47489,20160919,IF,IF1610
47540,20160920,IF,IF1610
47591,20160921,IF,IF1610
47642,20160922,IF,IF1610
47693,20160923,IF,IF1610
47744,20160926,IF,IF1610
47795,20160927,IF,IF1610
47846,20160928,IF,IF1610
47897,20160929,IF,IF1610
47948,20160930,IF,IF1610
47999,20161010,IF,IF1610
48050,20161011,IF,IF1610
48101,20161012,IF,IF1610
48152,20161013,IF,IF1610
48203,20161014,IF,IF1610
48254,20161017,IF,IF1610
48305,20161018,IF,IF1610
48356,20161019,IF,IF1611
48407,20161020,IF,IF1611
48458,20161021,IF,IF1611
48509,20161024,IF,IF1611
48560,20161025,IF,IF1611
48611,20161026,IF,IF1611
48662,20161027,IF,IF1611
48713,20161028,IF,IF1611
48764,20161031,IF,IF1611
48815,20161101,IF,IF1611
48866,20161102,IF,IF1611
48917,20161103,IF,IF1611
48968,20161104,IF,IF1611
49019,20161107,IF,IF1611
49070,20161108,IF,IF1611
49121,20161109,IF,IF1611
49172,20161110,IF,IF1611
49223,20161111,IF,IF1611
49274,20161114,IF,IF1611
49325,20161115,IF,IF1612
49376,20161116,IF,IF1612
49427,20161117,IF,IF1612
49478,20161118,IF,IF1612
49529,20161121,IF,IF1612
49580,20161122,IF,IF1612
49631,20161123,IF,IF1612
49682,20161124,IF,IF1612
49733,20161125,IF,IF1612
49784,20161128,IF,IF1612
49835,20161129,IF,IF1612
49886,20161130,IF,IF1612
49937,20161201,IF,IF1612
49988,20161202,IF,IF1612
50039,20161205,IF,IF1612
50090,20161206,IF,IF1612
50141,20161207,IF,IF1612
50192,20161208,IF,IF1612
50243,20161209,IF,IF1612
50294,20161212,IF,IF1612
50345,20161213,IF,IF1612
50396,20161214,IF,IF1701
50447,20161215,IF,IF1701
50498,20161216,IF,IF1701
50549,20161219,IF,IF1701
50600,20161220,IF,IF1701
50651,20161221,IF,IF1701
50702,20161222,IF,IF1701
50753,20161223,IF,IF1701
50804,20161226,IF,IF1701
50855,20161227,IF,IF1701
50906,20161228,IF,IF1701
50957,20161229,IF,IF1701
51008,20161230,IF,IF1701
51059,20170103,IF,IF1701
51110,20170104,IF,IF1701
51161,20170105,IF,IF1701
51212,20170106,IF,IF1701
51263,20170109,IF,IF1701
51314,20170110,IF,IF1701
51365,20170111,IF,IF1701
51416,20170112,IF,IF1701
51467,20170113,IF,IF1701
51518,20170116,IF,IF1701
51569,20170117,IF,IF1701
51620,20170118,IF,IF1701
51671,20170119,IF,IF1702
51722,20170120,IF,IF1702
51773,20170123,IF,IF1702
51824,20170124,IF,IF1702
51875,20170125,IF,IF1702
51926,20170126,IF,IF1702
51977,20170203,IF,IF1702
52028,20170206,IF,IF1702
52079,20170207,IF,IF1702
52130,20170208,IF,IF1702
52181,20170209,IF,IF1702
52232,20170210,IF,IF1702
52283,20170213,IF,IF1702
52334,20170214,IF,IF1703
52385,20170215,IF,IF1703
52436,20170216,IF,IF1703
52487,20170217,IF,IF1703
52538,20170220,IF,IF1703
52589,20170221,IF,IF1703
52640,20170222,IF,IF1703
52691,20170223,IF,IF1703
52742,20170224,IF,IF1703
52793,20170227,IF,IF1703
52844,20170228,IF,IF1703
52895,20170301,IF,IF1703
52946,20170302,IF,IF1703
52997,20170303,IF,IF1703
53048,20170306,IF,IF1703
53099,20170307,IF,IF1703
53150,20170308,IF,IF1703
53201,20170309,IF,IF1703
53252,20170310,IF,IF1703
53303,20170313,IF,IF1703
53354,20170314,IF,IF1703
53405,20170315,IF,IF1703
53456,20170316,IF,IF1704
53507,20170317,IF,IF1704
53558,20170320,IF,IF1704
53609,20170321,IF,IF1704
53660,20170322,IF,IF1704
53711,20170323,IF,IF1704
53762,20170324,IF,IF1704
53813,20170327,IF,IF1704
53864,20170328,IF,IF1704
53915,20170329,IF,IF1704
53966,20170330,IF,IF1704
54017,20170331,IF,IF1704
54068,20170405,IF,IF1704
54119,20170406,IF,IF1704
54170,20170407,IF,IF1704
54221,20170410,IF,IF1704
54272,20170411,IF,IF1704
54323,20170412,IF,IF1704
54374,20170413,IF,IF1704
54425,20170414,IF,IF1704
54476,20170417,IF,IF1704
54527,20170418,IF,IF1704
54578,20170419,IF,IF1704
54629,20170420,IF,IF1705
54680,20170421,IF,IF1705
54731,20170424,IF,IF1705
54782,20170425,IF,IF1705
54833,20170426,IF,IF1705
54884,20170427,IF,IF1705
54935,20170428,IF,IF1705
54986,20170502,IF,IF1705
55037,20170503,IF,IF1705
55088,20170504,IF,IF1705
55139,20170505,IF,IF1705
55190,20170508,IF,IF1705
55241,20170509,IF,IF1705
55292,20170510,IF,IF1705
55343,20170511,IF,IF1705
55394,20170512,IF,IF1705
55445,20170515,IF,IF1705
55496,20170516,IF,IF1705
55547,20170517,IF,IF1706
55598,20170518,IF,IF1706
55649,20170519,IF,IF1706
55700,20170522,IF,IF1706
55751,20170523,IF,IF1706
55802,20170524,IF,IF1706
55853,20170525,IF,IF1706
55904,20170526,IF,IF1706
55955,20170531,IF,IF1706
56006,20170601,IF,IF1706
56057,20170602,IF,IF1706
56108,20170605,IF,IF1706
56159,20170606,IF,IF1706
56210,20170607,IF,IF1706
56261,20170608,IF,IF1706
56312,20170609,IF,IF1706
56363,20170612,IF,IF1706
56414,20170613,IF,IF1706
56465,20170614,IF,IF1706
56516,20170615,IF,IF1707
56567,20170616,IF,IF1707
56618,20170619,IF,IF1707
56669,20170620,IF,IF1707
56720,20170621,IF,IF1707
56771,20170622,IF,IF1707
56822,20170623,IF,IF1707
56873,20170626,IF,IF1707
56924,20170627,IF,IF1707
56975,20170628,IF,IF1707
57026,20170629,IF,IF1707
57077,20170630,IF,IF1707
57128,20170703,IF,IF1707
57179,20170704,IF,IF1707
57230,20170705,IF,IF1707
57281,20170706,IF,IF1707
57332,20170707,IF,IF1707
57383,20170710,IF,IF1707
57434,20170711,IF,IF1707
57485,20170712,IF,IF1707
57536,20170713,IF,IF1707
57587,20170714,IF,IF1707
57638,20170717,IF,IF1707
57689,20170718,IF,IF1707
57740,20170719,IF,IF1707
57791,20170720,IF,IF1708
57842,20170721,IF,IF1708
57893,20170724,IF,IF1708
57944,20170725,IF,IF1708
57995,20170726,IF,IF1708
58046,20170727,IF,IF1708
58097,20170728,IF,IF1708
58148,20170731,IF,IF1708
58199,20170801,IF,IF1708
58250,20170802,IF,IF1708
58301,20170803,IF,IF1708
58352,20170804,IF,IF1708
58403,20170807,IF,IF1708
58454,20170808,IF,IF1708
58505,20170809,IF,IF1708
58556,20170810,IF,IF1708
58607,20170811,IF,IF1708
58658,20170814,IF,IF1708
58709,20170815,IF,IF1708
58760,20170816,IF,IF1709
58811,20170817,IF,IF1709
58863,20170818,IF,IF1709
58915,20170821,IF,IF1709
58967,20170822,IF,IF1709
59019,20170823,IF,IF1709
59071,20170824,IF,IF1709
59123,20170825,IF,IF1709
59175,20170828,IF,IF1709
59227,20170829,IF,IF1709
59279,20170830,IF,IF1709
59331,20170831,IF,IF1709
59383,20170901,IF,IF1709
59435,20170904,IF,IF1709
59487,20170905,IF,IF1709
59539,20170906,IF,IF1709
59591,20170907,IF,IF1709
59643,20170908,IF,IF1709
59695,20170911,IF,IF1709
59747,20170912,IF,IF1709
59799,20170913,IF,IF1709
59851,20170914,IF,IF1710
59903,20170915,IF,IF1710
59955,20170918,IF,IF1710
60007,20170919,IF,IF1710
60059,20170920,IF,IF1710
60111,20170921,IF,IF1710
60163,20170922,IF,IF1710
60215,20170925,IF,IF1710
60267,20170926,IF,IF1710
60319,20170927,IF,IF1710
60371,20170928,IF,IF1710
60423,20170929,IF,IF1710
60475,20171009,IF,IF1710
60527,20171010,IF,IF1710
60579,20171011,IF,IF1710
60631,20171012,IF,IF1710
60683,20171013,IF,IF1710
60735,20171016,IF,IF1710
60787,20171017,IF,IF1710
60839,20171018,IF,IF1710
60891,20171019,IF,IF1711
60943,20171020,IF,IF1711
60995,20171023,IF,IF1711
61047,20171024,IF,IF1711
61099,20171025,IF,IF1711
61151,20171026,IF,IF1711
61203,20171027,IF,IF1711
61255,20171030,IF,IF1711
61307,20171031,IF,IF1711
61359,20171101,IF,IF1711
61411,20171102,IF,IF1711
61463,20171103,IF,IF1711
61515,20171106,IF,IF1711
61567,20171107,IF,IF1711
61619,20171108,IF,IF1711
61671,20171109,IF,IF1711
61723,20171110,IF,IF1711
61775,20171113,IF,IF1711
61827,20171114,IF,IF1711
61879,20171115,IF,IF1712
61931,20171116,IF,IF1712
61983,20171117,IF,IF1712
62035,20171120,IF,IF1712
62087,20171121,IF,IF1712
62139,20171122,IF,IF1712
62191,20171123,IF,IF1712
62243,20171124,IF,IF1712
62295,20171127,IF,IF1712
62347,20171128,IF,IF1712
62399,20171129,IF,IF1712
62451,20171130,IF,IF1712
62503,20171201,IF,IF1712
62555,20171204,IF,IF1712
62607,20171205,IF,IF1712
62659,20171206,IF,IF1712
62711,20171207,IF,IF1712
62763,20171208,IF,IF1712
62815,20171211,IF,IF1712
62867,20171212,IF,IF1712
62919,20171213,IF,IF1712
62971,20171214,IF,IF1801
63023,20171215,IF,IF1801
63075,20171218,IF,IF1801
63127,20171219,IF,IF1801
63179,20171220,IF,IF1801
63231,20171221,IF,IF1801
63284,20171222,IF,IF1801
63337,20171225,IF,IF1801
63390,20171226,IF,IF1801
63443,20171227,IF,IF1801
63496,20171228,IF,IF1801
63549,20171229,IF,IF1801
63602,20180102,IF,IF1801
63655,20180103,IF,IF1801
63708,20180104,IF,IF1801
63761,20180105,IF,IF1801
63814,20180108,IF,IF1801
63867,20180109,IF,IF1801
63920,20180110,IF,IF1801
63973,20180111,IF,IF1801
64026,20180112,IF,IF1801
64079,20180115,IF,IF1801
64132,20180116,IF,IF1801
64185,20180117,IF,IF1801
64238,20180118,IF,IF1802
64291,20180119,IF,IF1802
64344,20180122,IF,IF1802
64397,20180123,IF,IF1802
64450,20180124,IF,IF1802
64503,20180125,IF,IF1802
64556,20180126,IF,IF1802
64609,20180129,IF,IF1802
64662,20180130,IF,IF1802
64715,20180131,IF,IF1802
64768,20180201,IF,IF1802
64821,20180202,IF,IF1802
64874,20180205,IF,IF1802
64927,20180206,IF,IF1802
64980,20180207,IF,IF1802
65033,20180208,IF,IF1802
65086,20180209,IF,IF1802
65139,20180212,IF,IF1803
65192,20180213,IF,IF1803
65245,20180214,IF,IF1803
65298,20180222,IF,IF1803
65351,20180223,IF,IF1803
65404,20180226,IF,IF1803
65457,20180227,IF,IF1803
65510,20180228,IF,IF1803
65563,20180301,IF,IF1803
65616,20180302,IF,IF1803
65669,20180305,IF,IF1803
65722,20180306,IF,IF1803
65775,20180307,IF,IF1803
65828,20180308,IF,IF1803
65881,20180309,IF,IF1803
65934,20180312,IF,IF1803
65987,20180313,IF,IF1803
66040,20180314,IF,IF1803
66093,20180315,IF,IF1804
66146,20180316,IF,IF1804
66199,20180319,IF,IF1804
66252,20180320,IF,IF1804
66305,20180321,IF,IF1804
66358,20180322,IF,IF1804
66411,20180323,IF,IF1804
66464,20180326,IF,IF1804
66518,20180327,IF,IF1804
66572,20180328,IF,IF1804
66626,20180329,IF,IF1804
66680,20180330,IF,IF1804
66734,20180402,IF,IF1804
66788,20180403,IF,IF1804
66842,20180404,IF,IF1804
66896,20180409,IF,IF1804
66950,20180410,IF,IF1804
67004,20180411,IF,IF1804
67058,20180412,IF,IF1804
67112,20180413,IF,IF1804
67166,20180416,IF,IF1804
67220,20180417,IF,IF1804
67274,20180418,IF,IF1804
67328,20180419,IF,IF1805
67382,20180420,IF,IF1805
67436,20180423,IF,IF1805
67490,20180424,IF,IF1805
67544,20180425,IF,IF1805
67598,20180426,IF,IF1805
67652,20180427,IF,IF1805
67706,20180502,IF,IF1805
67760,20180503,IF,IF1805
67814,20180504,IF,IF1805
67868,20180507,IF,IF1805
67922,20180508,IF,IF1805
67976,20180509,IF,IF1805
68030,20180510,IF,IF1805
68084,20180511,IF,IF1805
68138,20180514,IF,IF1805
68192,20180515,IF,IF1805
68246,20180516,IF,IF1806
68300,20180517,IF,IF1806
68354,20180518,IF,IF1806
68408,20180521,IF,IF1806
68462,20180522,IF,IF1806
68516,20180523,IF,IF1806
68570,20180524,IF,IF1806
68624,20180525,IF,IF1806
68678,20180528,IF,IF1806
68732,20180529,IF,IF1806
68786,20180530,IF,IF1806
68840,20180531,IF,IF1806
68894,20180601,IF,IF1806
68948,20180604,IF,IF1806
69002,20180605,IF,IF1806
69056,20180606,IF,IF1806
69110,20180607,IF,IF1806
69164,20180608,IF,IF1806
69218,20180611,IF,IF1806
69272,20180612,IF,IF1806
69326,20180613,IF,IF1806
69380,20180614,IF,IF1807
69434,20180615,IF,IF1807
69488,20180619,IF,IF1807
69542,20180620,IF,IF1807
69596,20180621,IF,IF1807
69650,20180622,IF,IF1807
69704,20180625,IF,IF1807
69758,20180626,IF,IF1807
69812,20180627,IF,IF1807
69866,20180628,IF,IF1807
69919,20180629,IF,IF1807
69972,20180702,IF,IF1807
70025,20180703,IF,IF1807
70078,20180704,IF,IF1807
70131,20180705,IF,IF1807
70184,20180706,IF,IF1807
70237,20180709,IF,IF1807
70290,20180710,IF,IF1807
70343,20180711,IF,IF1807
70396,20180712,IF,IF1807
70449,20180713,IF,IF1807
70503,20180716,IF,IF1807
70557,20180717,IF,IF1807
70611,20180718,IF,IF1807
70665,20180719,IF,IF1808
70719,20180720,IF,IF1808
70773,20180723,IF,IF1808
70827,20180724,IF,IF1808
70881,20180725,IF,IF1808
70935,20180726,IF,IF1808
70989,20180727,IF,IF1808
71043,20180730,IF,IF1808
71097,20180731,IF,IF1808
71151,20180801,IF,IF1808
71205,20180802,IF,IF1808
71259,20180803,IF,IF1808
71313,20180806,IF,IF1808
71367,20180807,IF,IF1808
71421,20180808,IF,IF1808
71475,20180809,IF,IF1808
71529,20180810,IF,IF1808
71583,20180813,IF,IF1808
71637,20180814,IF,IF1808
71691,20180815,IF,IF1809
71745,20180816,IF,IF1809
71799,20180817,IF,IF1809
71854,20180820,IF,IF1809
71909,20180821,IF,IF1809
71964,20180822,IF,IF1809
72019,20180823,IF,IF1809
72074,20180824,IF,IF1809
72129,20180827,IF,IF1809
72184,20180828,IF,IF1809
72239,20180829,IF,IF1809
72294,20180830,IF,IF1809
72349,20180831,IF,IF1809
72404,20180903,IF,IF1809
72458,20180904,IF,IF1809
72512,20180905,IF,IF1809
72566,20180906,IF,IF1809
72620,20180907,IF,IF1809
72674,20180910,IF,IF1809
72728,20180911,IF,IF1809
72782,20180912,IF,IF1809
72836,20180913,IF,IF1809
72890,20180914,IF,IF1809
72944,20180917,IF,IF1809
72998,20180918,IF,IF1809
73052,20180919,IF,IF1809
73106,20180920,IF,IF1810
73160,20180921,IF,IF1810
73214,20180925,IF,IF1810
73268,20180926,IF,IF1810
73322,20180927,IF,IF1810
73376,20180928,IF,IF1810
73430,20181008,IF,IF1810
73484,20181009,IF,IF1810
73538,20181010,IF,IF1810
73592,20181011,IF,IF1810
73646,20181012,IF,IF1810
73700,20181015,IF,IF1810
73754,20181016,IF,IF1810
73809,20181017,IF,IF1810
73864,20181018,IF,IF1811
73919,20181019,IF,IF1811
73974,20181022,IF,IF1811
74029,20181023,IF,IF1811
74084,20181024,IF,IF1811
74139,20181025,IF,IF1811
74194,20181026,IF,IF1811
74249,20181029,IF,IF1811
74304,20181030,IF,IF1811
74359,20181031,IF,IF1811
74414,20181101,IF,IF1811
74469,20181102,IF,IF1811
74524,20181105,IF,IF1811
74579,20181106,IF,IF1811
74634,20181107,IF,IF1811
74689,20181108,IF,IF1811
74744,20181109,IF,IF1811
74799,20181112,IF,IF1811
74854,20181113,IF,IF1811
74909,20181114,IF,IF1812
74964,20181115,IF,IF1812
75019,20181116,IF,IF1812
75074,20181119,IF,IF1812
75129,20181120,IF,IF1812
75184,20181121,IF,IF1812
75239,20181122,IF,IF1812
75294,20181123,IF,IF1812
75349,20181126,IF,IF1812
75404,20181127,IF,IF1812
75460,20181128,IF,IF1812
75516,20181129,IF,IF1812
75572,20181130,IF,IF1812
75628,20181203,IF,IF1812
75684,20181204,IF,IF1812
75740,20181205,IF,IF1812
75796,20181206,IF,IF1812
75852,20181207,IF,IF1812
75909,20181210,IF,IF1812
75966,20181211,IF,IF1812
76023,20181212,IF,IF1812
76080,20181213,IF,IF1812
76137,20181214,IF,IF1812
76194,20181217,IF,IF1812
76251,20181218,IF,IF1812
76308,20181219,IF,IF1812
76365,20181220,IF,IF1901
76422,20181221,IF,IF1901
76479,20181224,IF,IF1901
76536,20181225,IF,IF1901
76593,20181226,IF,IF1901
76650,20181227,IF,IF1901
76707,20181228,IF,IF1901
76764,20190102,IF,IF1901
76821,20190103,IF,IF1901
76878,20190104,IF,IF1901
76935,20190107,IF,IF1901
76992,20190108,IF,IF1901
77049,20190109,IF,IF1901
77106,20190110,IF,IF1901
77163,20190111,IF,IF1901
77220,20190114,IF,IF1901
77277,20190115,IF,IF1901
77334,20190116,IF,IF1901
77391,20190117,IF,IF1902
77448,20190118,IF,IF1902
77505,20190121,IF,IF1902
77562,20190122,IF,IF1902
77619,20190123,IF,IF1902
77676,20190124,IF,IF1902
77733,20190125,IF,IF1902
77790,20190128,IF,IF1902
77847,20190129,IF,IF1902
77904,20190130,IF,IF1902
77961,20190131,IF,IF1902
78018,20190201,IF,IF1902
78075,20190211,IF,IF1902
78132,20190212,IF,IF1902
78189,20190213,IF,IF1903
78246,20190214,IF,IF1903
78303,20190215,IF,IF1903
78360,20190218,IF,IF1903
78417,20190219,IF,IF1903
78474,20190220,IF,IF1903
78531,20190221,IF,IF1903
78588,20190222,IF,IF1903
78645,20190225,IF,IF1903
78702,20190226,IF,IF1903
78759,20190227,IF,IF1903
78816,20190228,IF,IF1903
78873,20190301,IF,IF1903
78930,20190304,IF,IF1903
78987,20190305,IF,IF1903
79044,20190306,IF,IF1903
79101,20190307,IF,IF1903
79158,20190308,IF,IF1903
79215,20190311,IF,IF1903
79272,20190312,IF,IF1903
79329,20190313,IF,IF1903
79386,20190314,IF,IF1904
79443,20190315,IF,IF1904
79500,20190318,IF,IF1904
79557,20190319,IF,IF1904
79614,20190320,IF,IF1904
79671,20190321,IF,IF1904
79728,20190322,IF,IF1904
79785,20190325,IF,IF1904
79842,20190326,IF,IF1904
79899,20190327,IF,IF1904
79956,20190328,IF,IF1904
80013,20190329,IF,IF1904
80070,20190401,IF,IF1904
80127,20190402,IF,IF1904
80184,20190403,IF,IF1904
80241,20190404,IF,IF1904
80298,20190408,IF,IF1904
80355,20190409,IF,IF1904
80412,20190410,IF,IF1904
80469,20190411,IF,IF1904
80526,20190412,IF,IF1904
80583,20190415,IF,IF1904
80640,20190416,IF,IF1904
80697,20190417,IF,IF1904
80754,20190418,IF,IF1905
80811,20190419,IF,IF1905
80868,20190422,IF,IF1905
80925,20190423,IF,IF1905
80982,20190424,IF,IF1905
81039,20190425,IF,IF1905
81096,20190426,IF,IF1905
81153,20190429,IF,IF1905
81211,20190430,IF,IF1905
81269,20190506,IF,IF1905
81327,20190507,IF,IF1905
81385,20190508,IF,IF1905
81443,20190509,IF,IF1905
81501,20190510,IF,IF1905
81559,20190513,IF,IF1905
81617,20190514,IF,IF1905
81675,20190515,IF,IF1905
81733,20190516,IF,IF1906
81791,20190517,IF,IF1906
81849,20190520,IF,IF1906
81907,20190521,IF,IF1906
81965,20190522,IF,IF1906
82023,20190523,IF,IF1906
82081,20190524,IF,IF1906
82139,20190527,IF,IF1906
82197,20190528,IF,IF1906
82255,20190529,IF,IF1906
82313,20190530,IF,IF1906
82371,20190531,IF,IF1906
82429,20190603,IF,IF1906
82487,20190604,IF,IF1906
82545,20190605,IF,IF1906
82603,20190606,IF,IF1906
82661,20190610,IF,IF1906
82719,20190611,IF,IF1906
82777,20190612,IF,IF1906
82835,20190613,IF,IF1906
82893,20190614,IF,IF1906
82951,20190617,IF,IF1906
83009,20190618,IF,IF1906
83067,20190619,IF,IF1906
83125,20190620,IF,IF1907
83183,20190621,IF,IF1907
83241,20190624,IF,IF1907
83299,20190625,IF,IF1907
83357,20190626,IF,IF1907
83415,20190627,IF,IF1907
83473,20190628,IF,IF1907
83531,20190701,IF,IF1907
83589,20190702,IF,IF1907
83647,20190703,IF,IF1907
83705,20190704,IF,IF1907
83763,20190705,IF,IF1907
83821,20190708,IF,IF1907
83879,20190709,IF,IF1907
83937,20190710,IF,IF1907
83995,20190711,IF,IF1907
84053,20190712,IF,IF1907
84111,20190715,IF,IF1907
84169,20190716,IF,IF1907
84227,20190717,IF,IF1907
84285,20190718,IF,IF1908
84343,20190719,IF,IF1908
84401,20190722,IF,IF1908
84459,20190723,IF,IF1908
84517,20190724,IF,IF1908
84575,20190725,IF,IF1908
84633,20190726,IF,IF1908
84691,20190729,IF,IF1908
84749,20190730,IF,IF1908
84807,20190731,IF,IF1908
84865,20190801,IF,IF1908
84923,20190802,IF,IF1908
84981,20190805,IF,IF1908
85039,20190806,IF,IF1908
85097,20190807,IF,IF1908
85155,20190808,IF,IF1908
85213,20190809,IF,IF1908
85272,20190812,IF,IF1908
85332,20190813,IF,IF1908
85392,20190814,IF,IF1908
85452,20190815,IF,IF1909
85512,20190816,IF,IF1909
85573,20190819,IF,IF1909
85634,20190820,IF,IF1909
85695,20190821,IF,IF1909
85756,20190822,IF,IF1909
85817,20190823,IF,IF1909
85878,20190826,IF,IF1909
85939,20190827,IF,IF1909
86000,20190828,IF,IF1909
86061,20190829,IF,IF1909
86122,20190830,IF,IF1909
86183,20190902,IF,IF1909
86244,20190903,IF,IF1909
86305,20190904,IF,IF1909
86366,20190905,IF,IF1909
86427,20190906,IF,IF1909
86488,20190909,IF,IF1909
86549,20190910,IF,IF1909
86610,20190911,IF,IF1909
86671,20190912,IF,IF1909
86732,20190916,IF,IF1909
86793,20190917,IF,IF1909
86854,20190918,IF,IF1909
86915,20190919,IF,IF1910
86976,20190920,IF,IF1910
87037,20190923,IF,IF1910
87098,20190924,IF,IF1910
87159,20190925,IF,IF1910
87222,20190926,IF,IF1910
87285,20190927,IF,IF1910
87348,20190930,IF,IF1910
87411,20191008,IF,IF1910
87474,20191009,IF,IF1910
87537,20191010,IF,IF1910
87600,20191011,IF,IF1910
87663,20191014,IF,IF1910
87726,20191015,IF,IF1910
87789,20191016,IF,IF1910
87852,20191017,IF,IF1911
87915,20191018,IF,IF1911
87978,20191021,IF,IF1911
88041,20191022,IF,IF1911
88104,20191023,IF,IF1911
88167,20191024,IF,IF1911
88230,20191025,IF,IF1911
88293,20191028,IF,IF1911
88356,20191029,IF,IF1911
88419,20191030,IF,IF1911
88482,20191031,IF,IF1911
88545,20191101,IF,IF1911
88608,20191104,IF,IF1911
88671,20191105,IF,IF1911
88734,20191106,IF,IF1911
88797,20191107,IF,IF1911
88860,20191108,IF,IF1911
88923,20191111,IF,IF1911
88986,20191112,IF,IF1911
89049,20191113,IF,IF1911
89112,20191114,IF,IF1912
89175,20191115,IF,IF1912
89238,20191118,IF,IF1912
89301,20191119,IF,IF1912
89364,20191120,IF,IF1912
89427,20191121,IF,IF1912
89490,20191122,IF,IF1912
89553,20191125,IF,IF1912
89616,20191126,IF,IF1912
89679,20191127,IF,IF1912
89742,20191128,IF,IF1912
89805,20191129,IF,IF1912
89868,20191202,IF,IF1912
89931,20191203,IF,IF1912
89994,20191204,IF,IF1912
90057,20191205,IF,IF1912
90120,20191206,IF,IF1912
90184,20191209,IF,IF1912
90248,20191210,IF,IF1912
90312,20191211,IF,IF1912
90376,20191212,IF,IF1912
90440,20191213,IF,IF1912
90504,20191216,IF,IF1912
90568,20191217,IF,IF1912
90632,20191218,IF,IF1912
90696,20191219,IF,IF2001
90760,20191220,IF,IF2001
90824,20191223,IF,IF2001
90888,20191224,IF,IF2001
90952,20191225,IF,IF2001
91016,20191226,IF,IF2001
91080,20191227,IF,IF2001
91144,20191230,IF,IF2001
91208,20191231,IF,IF2001
91272,20200102,IF,IF2001
91336,20200103,IF,IF2001
91400,20200106,IF,IF2001
91464,20200107,IF,IF2001
91528,20200108,IF,IF2001
91592,20200109,IF,IF2001
91656,20200110,IF,IF2001
91720,20200113,IF,IF2001
91784,20200114,IF,IF2001
91848,20200115,IF,IF2001
91912,20200116,IF,IF2002
91976,20200117,IF,IF2002
92040,20200120,IF,IF2002
92104,20200121,IF,IF2002
92200,20200122,IF,IF2002
92264,20200123,IF,IF2002
92328,20200203,IF,IF2002
92392,20200204,IF,IF2002
92456,20200205,IF,IF2002
92520,20200206,IF,IF2002
92584,20200207,IF,IF2002
92648,20200210,IF,IF2002
92712,20200211,IF,IF2002
92776,20200212,IF,IF2002
92840,20200213,IF,IF2002
92904,20200214,IF,IF2002
92968,20200217,IF,IF2002
93032,20200218,IF,IF2002
93096,20200219,IF,IF2003
93160,20200220,IF,IF2003
93224,20200221,IF,IF2003
93288,20200224,IF,IF2003
93352,20200225,IF,IF2003
93416,20200226,IF,IF2003
93480,20200227,IF,IF2003
93544,20200228,IF,IF2003
93608,20200302,IF,IF2003
93672,20200303,IF,IF2003
93736,20200304,IF,IF2003
93800,20200305,IF,IF2003
93864,20200306,IF,IF2003
93928,20200309,IF,IF2003
93992,20200310,IF,IF2003
94056,20200311,IF,IF2003
94120,20200312,IF,IF2003
94184,20200313,IF,IF2003
94248,20200316,IF,IF2003
94312,20200317,IF,IF2003
94376,20200318,IF,IF2003
94440,20200319,IF,IF2004
94504,20200320,IF,IF2004
94568,20200323,IF,IF2004
94632,20200324,IF,IF2004
94696,20200325,IF,IF2004
94760,20200326,IF,IF2004
94824,20200327,IF,IF2004
94947,20200330,IF,IF2004
95012,20200331,IF,IF2004
95077,20200401,IF,IF2004
95142,20200402,IF,IF2004
95207,20200403,IF,IF2004
95272,20200407,IF,IF2004
95337,20200408,IF,IF2004
95402,20200409,IF,IF2004
95467,20200410,IF,IF2004
95532,20200413,IF,IF2004
95597,20200414,IF,IF2004
95662,20200415,IF,IF2004
95727,20200416,IF,IF2005
95792,20200417,IF,IF2005
95857,20200420,IF,IF2005
95922,20200421,IF,IF2005
95987,20200422,IF,IF2005
96052,20200423,IF,IF2005
96117,20200424,IF,IF2005
96182,20200427,IF,IF2005
96247,20200428,IF,IF2005
96312,20200429,IF,IF2005
96377,20200430,IF,IF2005
96442,20200506,IF,IF2005
96507,20200507,IF,IF2005
96572,20200508,IF,IF2005
96637,20200511,IF,IF2005
96702,20200512,IF,IF2005
96767,20200513,IF,IF2005
96832,20200514,IF,IF2006
96897,20200515,IF,IF2006
96962,20200518,IF,IF2006
97027,20200519,IF,IF2006
97092,20200520,IF,IF2006
97157,20200521,IF,IF2006
97222,20200522,IF,IF2006
97287,20200525,IF,IF2006
97352,20200526,IF,IF2006
97417,20200527,IF,IF2006
97482,20200528,IF,IF2006
97547,20200529,IF,IF2006
97612,20200601,IF,IF2006
97677,20200602,IF,IF2006
97742,20200603,IF,IF2006
97807,20200604,IF,IF2006
97872,20200605,IF,IF2006
97937,20200608,IF,IF2006
98002,20200609,IF,IF2006
98067,20200610,IF,IF2006
98132,20200611,IF,IF2006
98197,20200612,IF,IF2006
98262,20200615,IF,IF2006
98327,20200616,IF,IF2006
98392,20200617,IF,IF2006
98457,20200618,IF,IF2007
98522,20200619,IF,IF2007
98587,20200622,IF,IF2007
98653,20200623,IF,IF2007
98719,20200624,IF,IF2007
98785,20200629,IF,IF2007
98851,20200630,IF,IF2007
98917,20200701,IF,IF2007
98983,20200702,IF,IF2007
99049,20200703,IF,IF2007
99115,20200706,IF,IF2007
99181,20200707,IF,IF2007
99247,20200708,IF,IF2007
99313,20200709,IF,IF2007
99379,20200710,IF,IF2007
99445,20200713,IF,IF2007
99511,20200714,IF,IF2007
99577,20200715,IF,IF2007
99643,20200716,IF,IF2008
99709,20200717,IF,IF2008
99775,20200720,IF,IF2008
99841,20200721,IF,IF2008
99907,20200722,IF,IF2008
99973,20200723,IF,IF2008
100039,20200724,IF,IF2008
100105,20200727,IF,IF2008
100171,20200728,IF,IF2008
100237,20200729,IF,IF2008
100303,20200730,IF,IF2008
100369,20200731,IF,IF2008
100435,20200803,IF,IF2008
100501,20200804,IF,IF2008
100567,20200805,IF,IF2008
100633,20200806,IF,IF2008
100699,20200807,IF,IF2008
100765,20200810,IF,IF2008
100831,20200811,IF,IF2008
100897,20200812,IF,IF2008
100963,20200813,IF,IF2008
101029,20200814,IF,IF2008
101095,20200817,IF,IF2008
101161,20200818,IF,IF2008
101227,20200819,IF,IF2009
101293,20200820,IF,IF2009
101359,20200821,IF,IF2009
101425,20200824,IF,IF2009
101491,20200825,IF,IF2009
101557,20200826,IF,IF2009
101623,20200827,IF,IF2009
101689,20200828,IF,IF2009
101755,20200831,IF,IF2009
101821,20200901,IF,IF2009
101887,20200902,IF,IF2009
101953,20200903,IF,IF2009
102019,20200904,IF,IF2009
102085,20200907,IF,IF2009
102151,20200908,IF,IF2009
102217,20200909,IF,IF2009
102283,20200910,IF,IF2009
102349,20200911,IF,IF2009
102415,20200914,IF,IF2009
102481,20200915,IF,IF2009
102547,20200916,IF,IF2009
102613,20200917,IF,IF2010
102679,20200918,IF,IF2010
102745,20200921,IF,IF2010
102811,20200922,IF,IF2010
102877,20200923,IF,IF2010
102943,20200924,IF,IF2010
103009,20200925,IF,IF2010
103075,20200928,IF,IF2010
103141,20200929,IF,IF2010
103207,20200930,IF,IF2010
103273,20201009,IF,IF2010
103339,20201012,IF,IF2010
103406,20201013,IF,IF2010
103473,20201014,IF,IF2010
103540,20201015,IF,IF2011
103607,20201016,IF,IF2011
103674,20201019,IF,IF2011
103741,20201020,IF,IF2011
103808,20201021,IF,IF2011
103875,20201022,IF,IF2011
103942,20201023,IF,IF2011
104009,20201026,IF,IF2011
104076,20201027,IF,IF2011
104143,20201028,IF,IF2011
104210,20201029,IF,IF2011
104277,20201030,IF,IF2011
104344,20201102,IF,IF2011
104411,20201103,IF,IF2011
104478,20201104,IF,IF2011
104545,20201105,IF,IF2011
104612,20201106,IF,IF2011
105096,20201109,IF,IF2011
105163,20201110,IF,IF2011
105230,20201111,IF,IF2011
105297,20201112,IF,IF2011
105364,20201113,IF,IF2011
105431,20201116,IF,IF2011
105498,20201117,IF,IF2011
105565,20201118,IF,IF2012
105633,20201119,IF,IF2012
105701,20201120,IF,IF2012
105769,20201123,IF,IF2012
105837,20201124,IF,IF2012
105905,20201125,IF,IF2012
105973,20201126,IF,IF2012
106041,20201127,IF,IF2012
106109,20201130,IF,IF2012
106177,20201201,IF,IF2012
106245,20201202,IF,IF2012
106313,20201203,IF,IF2012
106381,20201204,IF,IF2012
106449,20201207,IF,IF2012
106517,20201208,IF,IF2012
106585,20201209,IF,IF2012
106653,20201210,IF,IF2012
106721,20201211,IF,IF2012
106789,20201214,IF,IF2012
106857,20201215,IF,IF2012
106925,20201216,IF,IF2012
106993,20201217,IF,IF2101
107061,20201218,IF,IF2101
107129,20201221,IF,IF2101
107197,20201222,IF,IF2101
107265,20201223,IF,IF2101
107333,20201224,IF,IF2101
107401,20201225,IF,IF2101
107469,20201228,IF,IF2101
107537,20201229,IF,IF2101
107605,20201230,IF,IF2101
107673,20201231,IF,IF2101
107741,20210104,IF,IF2101
107809,20210105,IF,IF2101
107877,20210106,IF,IF2101
107945,20210107,IF,IF2101
108013,20210108,IF,IF2101
108082,20210111,IF,IF2101
108151,20210112,IF,IF2101
108220,20210113,IF,IF2101
108289,20210114,IF,IF2103
108358,20210115,IF,IF2103
108427,20210118,IF,IF2103
108496,20210119,IF,IF2103
108565,20210120,IF,IF2103
108634,20210121,IF,IF2103
108703,20210122,IF,IF2103
108772,20210125,IF,IF2103
108841,20210126,IF,IF2103
108910,20210127,IF,IF2103
108979,20210128,IF,IF2103
109048,20210129,IF,IF2103
109117,20210201,IF,IF2103
109187,20210202,IF,IF2103
109257,20210203,IF,IF2103
109327,20210204,IF,IF2103
109397,20210205,IF,IF2103
109467,20210208,IF,IF2103
109537,20210209,IF,IF2103
109607,20210210,IF,IF2103
109677,20210218,IF,IF2103
109747,20210219,IF,IF2103
109817,20210222,IF,IF2103
109887,20210223,IF,IF2103
109957,20210224,IF,IF2103
110027,20210225,IF,IF2103
110097,20210226,IF,IF2103
110167,20210301,IF,IF2103
110237,20210302,IF,IF2103
110307,20210303,IF,IF2103
110377,20210304,IF,IF2103
110447,20210305,IF,IF2103
110517,20210308,IF,IF2103
110587,20210309,IF,IF2103
110657,20210310,IF,IF2103
110727,20210311,IF,IF2103
110797,20210312,IF,IF2103
110867,20210315,IF,IF2103
110937,20210316,IF,IF2103
111007,20210317,IF,IF2103
111077,20210318,IF,IF2104
111147,20210319,IF,IF2104
111217,20210322,IF,IF2104
111287,20210323,IF,IF2104
111357,20210324,IF,IF2104
111427,20210325,IF,IF2104
111497,20210326,IF,IF2104
111567,20210329,IF,IF2104
111637,20210330,IF,IF2104
111707,20210331,IF,IF2104
111777,20210401,IF,IF2104
111847,20210402,IF,IF2104
111917,20210406,IF,IF2104
111987,20210407,IF,IF2104
112057,20210408,IF,IF2104
112127,20210409,IF,IF2104
112197,20210412,IF,IF2104
112267,20210413,IF,IF2104
112337,20210414,IF,IF2104
112407,20210415,IF,IF2105
112477,20210416,IF,IF2105
112547,20210419,IF,IF2105
112617,20210420,IF,IF2105
112687,20210421,IF,IF2105
112757,20210422,IF,IF2105
112827,20210423,IF,IF2105
112897,20210426,IF,IF2105
112967,20210427,IF,IF2105
113037,20210428,IF,IF2105
113107,20210429,IF,IF2105
113177,20210430,IF,IF2105
113247,20210506,IF,IF2105
113317,20210507,IF,IF2105
113387,20210510,IF,IF2105
113457,20210511,IF,IF2105
113527,20210512,IF,IF2105
113597,20210513,IF,IF2105
113667,20210514,IF,IF2105
113737,20210517,IF,IF2105
113807,20210518,IF,IF2106
113877,20210519,IF,IF2106
113947,20210520,IF,IF2106
114017,20210521,IF,IF2106
114087,20210524,IF,IF2106
114157,20210525,IF,IF2106
114227,20210526,IF,IF2106
114297,20210527,IF,IF2106
114367,20210528,IF,IF2106
114437,20210531,IF,IF2106
114507,20210601,IF,IF2106
114577,20210602,IF,IF2106
114647,20210603,IF,IF2106
114717,20210604,IF,IF2106
114787,20210607,IF,IF2106
114857,20210608,IF,IF2106
114927,20210609,IF,IF2106
114997,20210610,IF,IF2106
115067,20210611,IF,IF2106
115137,20210615,IF,IF2106
115207,20210616,IF,IF2106
115277,20210617,IF,IF2107
115347,20210618,IF,IF2107
115417,20210621,IF,IF2107
115487,20210622,IF,IF2107
115557,20210623,IF,IF2107
115627,20210624,IF,IF2107
115697,20210625,IF,IF2107
115767,20210628,IF,IF2107
115837,20210629,IF,IF2107
115907,20210630,IF,IF2107
115977,20210701,IF,IF2107
116047,20210702,IF,IF2107
116117,20210705,IF,IF2107
116187,20210706,IF,IF2107
116257,20210707,IF,IF2107
116327,20210708,IF,IF2107
116397,20210709,IF,IF2107
116467,20210712,IF,IF2107
116537,20210713,IF,IF2107
116607,20210714,IF,IF2107
116677,20210715,IF,IF2108
116747,20210716,IF,IF2108
116817,20210719,IF,IF2108
116887,20210720,IF,IF2108
116957,20210721,IF,IF2108
117027,20210722,IF,IF2108
117097,20210723,IF,IF2108
117167,20210726,IF,IF2108
117237,20210727,IF,IF2108
117307,20210728,IF,IF2108
117377,20210729,IF,IF2108
117447,20210730,IF,IF2108
117517,20210802,IF,IF2108
117587,20210803,IF,IF2108
117657,20210804,IF,IF2108
117727,20210805,IF,IF2108
117797,20210806,IF,IF2108
117867,20210809,IF,IF2108
117937,20210810,IF,IF2108
118007,20210811,IF,IF2108
118077,20210812,IF,IF2108
118147,20210813,IF,IF2108
118217,20210816,IF,IF2108
118287,20210817,IF,IF2108
118357,20210818,IF,IF2109
118427,20210819,IF,IF2109
118497,20210820,IF,IF2109
118567,20210823,IF,IF2109
118637,20210824,IF,IF2109
118707,20210825,IF,IF2109
118777,20210826,IF,IF2109
118847,20210827,IF,IF2109
118917,20210830,IF,IF2109
118987,20210831,IF,IF2109
119057,20210901,IF,IF2109
119127,20210902,IF,IF2109
119197,20210903,IF,IF2109
119267,20210906,IF,IF2109
119337,20210907,IF,IF2109
119407,20210908,IF,IF2109
119477,20210909,IF,IF2109
119547,20210910,IF,IF2109
119617,20210913,IF,IF2109
119687,20210914,IF,IF2109
119757,20210915,IF,IF2109
119827,20210916,IF,IF2110
119897,20210917,IF,IF2110
119967,20210922,IF,IF2110
120037,20210923,IF,IF2110
120107,20210924,IF,IF2110
120177,20210927,IF,IF2110
120247,20210928,IF,IF2110
120317,20210929,IF,IF2110
120387,20210930,IF,IF2110
120457,20211008,IF,IF2110
120527,20211011,IF,IF2110
120597,20211012,IF,IF2110
120667,20211013,IF,IF2110
120737,20211014,IF,IF2112
120807,20211015,IF,IF2112
120877,20211018,IF,IF2112
120947,20211019,IF,IF2112
121017,20211020,IF,IF2112
121087,20211021,IF,IF2112
121157,20211022,IF,IF2112
121227,20211025,IF,IF2112
121297,20211026,IF,IF2112
121367,20211027,IF,IF2112
121437,20211028,IF,IF2112
121507,20211029,IF,IF2112
121577,20211101,IF,IF2112
121647,20211102,IF,IF2112
121717,20211103,IF,IF2112
121787,20211104,IF,IF2112
121857,20211105,IF,IF2112
121927,20211108,IF,IF2112
121997,20211109,IF,IF2112
122067,20211110,IF,IF2112
122137,20211111,IF,IF2112
122207,20211112,IF,IF2112
122277,20211115,IF,IF2112
122347,20211116,IF,IF2112
122417,20211117,IF,IF2112
122487,20211118,IF,IF2112
122557,20211119,IF,IF2112
122627,20211122,IF,IF2112
122697,20211123,IF,IF2112
122767,20211124,IF,IF2112
122837,20211125,IF,IF2112
122907,20211126,IF,IF2112
122977,20211129,IF,IF2112
123047,20211130,IF,IF2112
123117,20211201,IF,IF2112
123187,20211202,IF,IF2112
123257,20211203,IF,IF2112
123327,20211206,IF,IF2112
123397,20211207,IF,IF2112
123467,20211208,IF,IF2112
123537,20211209,IF,IF2112
123607,20211210,IF,IF2112
123677,20211213,IF,IF2112
123747,20211214,IF,IF2112
123817,20211215,IF,IF2112
123887,20211216,IF,IF2201
123957,20211217,IF,IF2201
124027,20211220,IF,IF2201
124097,20211221,IF,IF2201
124167,20211222,IF,IF2201
124237,20211223,IF,IF2201
124307,20211224,IF,IF2201
124377,20211227,IF,IF2201
124447,20211228,IF,IF2201
124517,20211229,IF,IF2201
124587,20211230,IF,IF2201
124657,20211231,IF,IF2201
124727,20220104,IF,IF2201
124797,20220105,IF,IF2201
124867,20220106,IF,IF2201
124937,20220107,IF,IF2201
125007,20220110,IF,IF2201
125077,20220111,IF,IF2201
125147,20220112,IF,IF2201
125217,20220113,IF,IF2201
125287,20220114,IF,IF2201
125357,20220117,IF,IF2201
125427,20220118,IF,IF2201
125497,20220119,IF,IF2201
125567,20220120,IF,IF2203
125637,20220121,IF,IF2203
125707,20220124,IF,IF2203
125777,20220125,IF,IF2203
125847,20220126,IF,IF2203
125917,20220127,IF,IF2203
125987,20220128,IF,IF2203
126057,20220207,IF,IF2203
126127,20220208,IF,IF2203
126197,20220209,IF,IF2203
126267,20220210,IF,IF2203
126337,20220211,IF,IF2203
126407,20220214,IF,IF2203
126477,20220215,IF,IF2203
126547,20220216,IF,IF2203
126617,20220217,IF,IF2203
126687,20220218,IF,IF2203
126757,20220221,IF,IF2203
126827,20220222,IF,IF2203
126897,20220223,IF,IF2203
126967,20220224,IF,IF2203
127037,20220225,IF,IF2203
127107,20220228,IF,IF2203
127177,20220301,IF,IF2203
127247,20220302,IF,IF2203
127317,20220303,IF,IF2203
127387,20220304,IF,IF2203
127457,20220307,IF,IF2203
127527,20220308,IF,IF2203
127597,20220309,IF,IF2203
127667,20220310,IF,IF2203
127737,20220311,IF,IF2203
127807,20220314,IF,IF2203
127877,20220315,IF,IF2203
127947,20220316,IF,IF2203
128017,20220317,IF,IF2204
128087,20220318,IF,IF2204
128157,20220321,IF,IF2204
128227,20220322,IF,IF2204
128297,20220323,IF,IF2204
128367,20220324,IF,IF2204
128437,20220325,IF,IF2204
128507,20220328,IF,IF2204
128577,20220329,IF,IF2204
128647,20220330,IF,IF2204
128717,20220331,IF,IF2204
128787,20220401,IF,IF2204
128857,20220406,IF,IF2204
128927,20220407,IF,IF2204
128997,20220408,IF,IF2204
129067,20220411,IF,IF2204
129137,20220412,IF,IF2204
129207,20220413,IF,IF2204
129277,20220414,IF,IF2205
129347,20220415,IF,IF2205
129417,20220418,IF,IF2205
129487,20220419,IF,IF2205
129557,20220420,IF,IF2205
129627,20220421,IF,IF2205
129697,20220422,IF,IF2205
129767,20220425,IF,IF2205
129837,20220426,IF,IF2205
129907,20220427,IF,IF2205
129977,20220428,IF,IF2205
130047,20220429,IF,IF2205
130117,20220505,IF,IF2205
130187,20220506,IF,IF2205
130257,20220509,IF,IF2205
130327,20220510,IF,IF2205
130397,20220511,IF,IF2205
130467,20220512,IF,IF2205
130537,20220513,IF,IF2205
130607,20220516,IF,IF2205
130677,20220517,IF,IF2205
130747,20220518,IF,IF2206
130817,20220519,IF,IF2206
130887,20220520,IF,IF2206
130957,20220523,IF,IF2206
131027,20220524,IF,IF2206
131097,20220525,IF,IF2206
131167,20220526,IF,IF2206
131237,20220527,IF,IF2206
131307,20220530,IF,IF2206
131377,20220531,IF,IF2206
131447,20220601,IF,IF2206
131517,20220602,IF,IF2206
131587,20220606,IF,IF2206
131657,20220607,IF,IF2206
131727,20220608,IF,IF2206
131797,20220609,IF,IF2206
131867,20220610,IF,IF2206
131937,20220613,IF,IF2206
132007,20220614,IF,IF2206
132077,20220615,IF,IF2206
132147,20220616,IF,IF2207
132217,20220617,IF,IF2207
132287,20220620,IF,IF2207
132357,20220621,IF,IF2207
132427,20220622,IF,IF2207
132497,20220623,IF,IF2207
132567,20220624,IF,IF2207
132637,20220627,IF,IF2207
132707,20220628,IF,IF2207
132777,20220629,IF,IF2207
132847,20220630,IF,IF2207
132917,20220701,IF,IF2207
132987,20220704,IF,IF2207
133057,20220705,IF,IF2207
133127,20220706,IF,IF2207
133197,20220707,IF,IF2207
133267,20220708,IF,IF2207
133337,20220711,IF,IF2207
133407,20220712,IF,IF2207
133477,20220713,IF,IF2207
133547,20220714,IF,IF2209
133617,20220715,IF,IF2209
133687,20220718,IF,IF2209
133757,20220719,IF,IF2209
133827,20220720,IF,IF2209
133897,20220721,IF,IF2209
133967,20220722,IF,IF2209
134038,20220725,IF,IF2209
134109,20220726,IF,IF2209
134180,20220727,IF,IF2209
134251,20220728,IF,IF2209
134322,20220729,IF,IF2209
134393,20220801,IF,IF2209
134464,20220802,IF,IF2209
134535,20220803,IF,IF2209
134606,20220804,IF,IF2209
134677,20220805,IF,IF2209
134748,20220808,IF,IF2209
134819,20220809,IF,IF2209
134890,20220810,IF,IF2209
134961,20220811,IF,IF2209
135032,20220812,IF,IF2209
135103,20220815,IF,IF2209
135174,20220816,IF,IF2209
135245,20220817,IF,IF2209
135316,20220818,IF,IF2209
135387,20220819,IF,IF2209
135458,20220822,IF,IF2209
135529,20220823,IF,IF2209
135600,20220824,IF,IF2209
135671,20220825,IF,IF2209
135742,20220826,IF,IF2209
135813,20220829,IF,IF2209
135884,20220830,IF,IF2209
135955,20220831,IF,IF2209
136026,20220901,IF,IF2209
136097,20220902,IF,IF2209
136168,20220905,IF,IF2209
136239,20220906,IF,IF2209
136310,20220907,IF,IF2209
136381,20220908,IF,IF2209
136452,20220909,IF,IF2209
136523,20220913,IF,IF2209
136594,20220914,IF,IF2209
136665,20220915,IF,IF2210
136736,20220916,IF,IF2210
136807,20220919,IF,IF2210
136878,20220920,IF,IF2210
136949,20220921,IF,IF2210
137020,20220922,IF,IF2210
137091,20220923,IF,IF2210
137162,20220926,IF,IF2210
137233,20220927,IF,IF2210
137304,20220928,IF,IF2210
137375,20220929,IF,IF2210
137446,20220930,IF,IF2210
137517,20221010,IF,IF2210
137588,20221011,IF,IF2210
137659,20221012,IF,IF2210
137730,20221013,IF,IF2210
137801,20221014,IF,IF2210
137872,20221017,IF,IF2210
137943,20221018,IF,IF2210
138014,20221019,IF,IF2210
138085,20221020,IF,IF2211
138156,20221021,IF,IF2211
138227,20221024,IF,IF2211
138298,20221025,IF,IF2211
138369,20221026,IF,IF2211
138440,20221027,IF,IF2211
138511,20221028,IF,IF2211
138582,20221031,IF,IF2211
138653,20221101,IF,IF2211
138724,20221102,IF,IF2211
138795,20221103,IF,IF2211
138866,20221104,IF,IF2211
138937,20221107,IF,IF2211
139008,20221108,IF,IF2211
139079,20221109,IF,IF2211
139150,20221110,IF,IF2211
139221,20221111,IF,IF2211
139292,20221114,IF,IF2211
139363,20221115,IF,IF2212
139434,20221116,IF,IF2212
139505,20221117,IF,IF2212
139576,20221118,IF,IF2212
139647,20221121,IF,IF2212
139718,20221122,IF,IF2212
139789,20221123,IF,IF2212
139860,20221124,IF,IF2212
139931,20221125,IF,IF2212
140002,20221128,IF,IF2212
140073,20221129,IF,IF2212
140144,20221130,IF,IF2212
140215,20221201,IF,IF2212
140286,20221202,IF,IF2212
140357,20221205,IF,IF2212
140428,20221206,IF,IF2212
140499,20221207,IF,IF2212
140570,20221208,IF,IF2212
140641,20221209,IF,IF2212
140712,20221212,IF,IF2212
140783,20221213,IF,IF2212
140854,20221214,IF,IF2212
140925,20221215,IF,IF2301
140996,20221216,IF,IF2301
141067,20221219,IF,IF2301
141138,20221220,IF,IF2301
141209,20221221,IF,IF2301
141280,20221222,IF,IF2301
141351,20221223,IF,IF2301
141422,20221226,IF,IF2301
141494,20221227,IF,IF2301
141566,20221228,IF,IF2301
141638,20221229,IF,IF2301
141710,20221230,IF,IF2301
141782,20230103,IF,IF2301
141854,20230104,IF,IF2301
141926,20230105,IF,IF2301
142070,20230106,IF,IF2301
142214,20230109,IF,IF2301
142358,20230110,IF,IF2301
142502,20230111,IF,IF2301
142646,20230112,IF,IF2301
142790,20230113,IF,IF2301
142934,20230116,IF,IF2301
143078,20230117,IF,IF2301
143222,20230118,IF,IF2303
143366,20230119,IF,IF2303
143510,20230120,IF,IF2303
143654,20230130,IF,IF2303
143798,20230131,IF,IF2303
143942,20230201,IF,IF2303
144086,20230202,IF,IF2303
144230,20230203,IF,IF2303
144374,20230206,IF,IF2303
144518,20230207,IF,IF2303
144662,20230208,IF,IF2303
144806,20230209,IF,IF2303
144950,20230210,IF,IF2303
145094,20230213,IF,IF2303
145238,20230214,IF,IF2303
145382,20230215,IF,IF2303
145526,20230216,IF,IF2303
145670,20230217,IF,IF2303
145814,20230220,IF,IF2303
145958,20230221,IF,IF2303
146102,20230222,IF,IF2303
146246,20230223,IF,IF2303
146390,20230224,IF,IF2303
146534,20230227,IF,IF2303
146678,20230228,IF,IF2303
146822,20230301,IF,IF2303
146966,20230302,IF,IF2303
147110,20230303,IF,IF2303
147254,20230306,IF,IF2303
147398,20230307,IF,IF2303
147542,20230308,IF,IF2303
147686,20230309,IF,IF2303
147830,20230310,IF,IF2303
147974,20230313,IF,IF2303
148118,20230314,IF,IF2303
148262,20230315,IF,IF2303
148406,20230316,IF,IF2304
148550,20230317,IF,IF2304
148694,20230320,IF,IF2304
148838,20230321,IF,IF2304
148982,20230322,IF,IF2304
149126,20230323,IF,IF2304
149270,20230324,IF,IF2304
149414,20230327,IF,IF2304
149558,20230328,IF,IF2304
149702,20230329,IF,IF2304
149846,20230330,IF,IF2304
149990,20230331,IF,IF2304
150134,20230403,IF,IF2304
150278,20230404,IF,IF2304
150422,20230406,IF,IF2304
150566,20230407,IF,IF2304
150710,20230410,IF,IF2304
150854,20230411,IF,IF2304
150998,20230412,IF,IF2304
151142,20230413,IF,IF2304
151286,20230414,IF,IF2304
151430,20230417,IF,IF2304
151574,20230418,IF,IF2306
151718,20230419,IF,IF2306
151862,20230420,IF,IF2306
152007,20230421,IF,IF2306
152153,20230424,IF,IF2306
152299,20230425,IF,IF2306
152445,20230426,IF,IF2306
152591,20230427,IF,IF2306
152737,20230428,IF,IF2306
152883,20230504,IF,IF2306
153029,20230505,IF,IF2306
153175,20230508,IF,IF2306
153321,20230509,IF,IF2306
153467,20230510,IF,IF2306
153613,20230511,IF,IF2306
153759,20230512,IF,IF2306
153905,20230515,IF,IF2306
154051,20230516,IF,IF2306
154197,20230517,IF,IF2306
154343,20230518,IF,IF2306
154489,20230519,IF,IF2306
154635,20230522,IF,IF2306
154781,20230523,IF,IF2306
154927,20230524,IF,IF2306
155073,20230525,IF,IF2306
155219,20230526,IF,IF2306
155365,20230529,IF,IF2306
155511,20230530,IF,IF2306
155657,20230531,IF,IF2306
155803,20230601,IF,IF2306
155949,20230602,IF,IF2306
156095,20230605,IF,IF2306
156241,20230606,IF,IF2306
156387,20230607,IF,IF2306
156533,20230608,IF,IF2306
156679,20230609,IF,IF2306
156825,20230612,IF,IF2306
156971,20230613,IF,IF2306
157117,20230614,IF,IF2306
157263,20230615,IF,IF2307
157409,20230616,IF,IF2307
157557,20230619,IF,IF2307
157705,20230620,IF,IF2307
157853,20230621,IF,IF2307
158001,20230626,IF,IF2307
158149,20230627,IF,IF2307
158297,20230628,IF,IF2307
158445,20230629,IF,IF2307
158593,20230630,IF,IF2307
158741,20230703,IF,IF2307
158889,20230704,IF,IF2307
159037,20230705,IF,IF2307
159185,20230706,IF,IF2307
159333,20230707,IF,IF2307
159481,20230710,IF,IF2307
159629,20230711,IF,IF2307
159777,20230712,IF,IF2307
159925,20230713,IF,IF2307
160073,20230714,IF,IF2307
160221,20230717,IF,IF2307
160369,20230718,IF,IF2309
160517,20230719,IF,IF2309
160665,20230720,IF,IF2309
160814,20230721,IF,IF2309
160964,20230724,IF,IF2309
161114,20230725,IF,IF2309
161264,20230726,IF,IF2309
161414,20230727,IF,IF2309
161566,20230728,IF,IF2309
161718,20230731,IF,IF2309
161870,20230801,IF,IF2309
162022,20230802,IF,IF2309
162174,20230803,IF,IF2309
162326,20230804,IF,IF2309
162478,20230807,IF,IF2309
162630,20230808,IF,IF2309
162782,20230809,IF,IF2309
162934,20230810,IF,IF2309
163086,20230811,IF,IF2309
163238,20230814,IF,IF2309
163390,20230815,IF,IF2309
163542,20230816,IF,IF2309
163694,20230817,IF,IF2309
163848,20230818,IF,IF2309
164002,20230821,IF,IF2309
164156,20230822,IF,IF2309
164310,20230823,IF,IF2309
164464,20230824,IF,IF2309
164618,20230825,IF,IF2309
164772,20230828,IF,IF2309
164926,20230829,IF,IF2309
165080,20230830,IF,IF2309
165234,20230831,IF,IF2309
165388,20230901,IF,IF2309
165542,20230904,IF,IF2309
165696,20230905,IF,IF2309
165850,20230906,IF,IF2309
166004,20230907,IF,IF2309
166158,20230908,IF,IF2309
166312,20230911,IF,IF2309
166466,20230912,IF,IF2309
166620,20230913,IF,IF2309
166774,20230914,IF,IF2312
166930,20230915,IF,IF2312
167088,20230918,IF,IF2312
167246,20230919,IF,IF2312
167404,20230920,IF,IF2312
167562,20230921,IF,IF2312
167720,20230922,IF,IF2312
167878,20230925,IF,IF2312
168036,20230926,IF,IF2312
168194,20230927,IF,IF2312
168352,20230928,IF,IF2312
168510,20231009,IF,IF2312
168668,20231010,IF,IF2312
168826,20231011,IF,IF2312
168984,20231012,IF,IF2312
169142,20231013,IF,IF2312
169300,20231016,IF,IF2312
169458,20231017,IF,IF2312
169616,20231018,IF,IF2312
169774,20231019,IF,IF2312
169932,20231020,IF,IF2312
170090,20231023,IF,IF2312
170248,20231024,IF,IF2312
170406,20231025,IF,IF2312
170564,20231026,IF,IF2312
170722,20231027,IF,IF2312
170880,20231030,IF,IF2312
171038,20231031,IF,IF2312
171196,20231101,IF,IF2312
171354,20231102,IF,IF2312
171512,20231103,IF,IF2312
171670,20231106,IF,IF2312
171828,20231107,IF,IF2312
171986,20231108,IF,IF2312
172144,20231109,IF,IF2312
172302,20231110,IF,IF2312
172460,20231113,IF,IF2312
172618,20231114,IF,IF2312
172776,20231115,IF,IF2312
172934,20231116,IF,IF2312
173092,20231117,IF,IF2312
173250,20231120,IF,IF2312
173408,20231121,IF,IF2312
173566,20231122,IF,IF2312
173724,20231123,IF,IF2312
173882,20231124,IF,IF2312
174040,20231127,IF,IF2312
174198,20231128,IF,IF2312
174356,20231129,IF,IF2312
174514,20231130,IF,IF2312
174672,20231201,IF,IF2312
174830,20231204,IF,IF2312
174988,20231205,IF,IF2312
175146,20231206,IF,IF2312
175304,20231207,IF,IF2312
175462,20231208,IF,IF2312
175620,20231211,IF,IF2312
175778,20231212,IF,IF2312
175936,20231213,IF,IF2312
176094,20231214,IF,IF2401
176252,20231215,IF,IF2401
176410,20231218,IF,IF2401
176568,20231219,IF,IF2401
176726,20231220,IF,IF2401
176884,20231221,IF,IF2401
177042,20231222,IF,IF2401
177200,20231225,IF,IF2401
177358,20231226,IF,IF2401
177516,20231227,IF,IF2401
177674,20231228,IF,IF2401
177832,20231229,IF,IF2401
177990,20240102,IF,IF2401
178148,20240103,IF,IF2401
178306,20240104,IF,IF2401
178464,20240105,IF,IF2401
178543,20240108,IF,IF2401
178701,20240109,IF,IF2401
178859,20240110,IF,IF2401
179017,20240111,IF,IF2401
179175,20240112,IF,IF2401
179333,20240115,IF,IF2401
179491,20240116,IF,IF2401
179649,20240117,IF,IF2403
179807,20240118,IF,IF2403
179965,20240119,IF,IF2403
180123,20240122,IF,IF2403
180281,20240123,IF,IF2403
180439,20240124,IF,IF2403
180597,20240125,IF,IF2403
180755,20240126,IF,IF2403
180913,20240129,IF,IF2403
181071,20240130,IF,IF2403
181229,20240131,IF,IF2403
181387,20240201,IF,IF2403
181545,20240202,IF,IF2403
181703,20240205,IF,IF2403
181861,20240206,IF,IF2403
182019,20240207,IF,IF2403
182177,20240208,IF,IF2403
182335,20240219,IF,IF2403
182493,20240220,IF,IF2403
182651,20240221,IF,IF2403
182809,20240222,IF,IF2403
182967,20240223,IF,IF2403
183125,20240226,IF,IF2403
183283,20240227,IF,IF2403
183362,20240228,IF,IF2403
183441,20240229,IF,IF2403
183520,20240301,IF,IF2403
183599,20240304,IF,IF2403
183678,20240305,IF,IF2403
183757,20240306,IF,IF2403
183836,20240307,IF,IF2403
183915,20240308,IF,IF2403
183994,20240311,IF,IF2403
184073,20240312,IF,IF2403
184152,20240313,IF,IF2403
184231,20240314,IF,IF2404
184310,20240315,IF,IF2404
184389,20240318,IF,IF2404
184468,20240319,IF,IF2404
184547,20240320,IF,IF2404
184626,20240321,IF,IF2404
184705,20240322,IF,IF2404
184784,20240325,IF,IF2404
184863,20240326,IF,IF2404
184942,20240327,IF,IF2404
185021,20240328,IF,IF2404
185100,20240329,IF,IF2404
185179,20240401,IF,IF2404
185258,20240402,IF,IF2404
185337,20240403,IF,IF2404
185416,20240408,IF,IF2404
185495,20240409,IF,IF2404
185574,20240410,IF,IF2404
185653,20240411,IF,IF2404
185732,20240412,IF,IF2404
185811,20240415,IF,IF2404
185890,20240416,IF,IF2404
185969,20240417,IF,IF2406
186048,20240418,IF,IF2406
186127,20240419,IF,IF2406
186206,20240422,IF,IF2406
186285,20240423,IF,IF2406
186364,20240424,IF,IF2406
186443,20240425,IF,IF2406
186522,20240426,IF,IF2406
186601,20240429,IF,IF2406
186680,20240430,IF,IF2406
186759,20240506,IF,IF2406
186838,20240507,IF,IF2406
186917,20240508,IF,IF2406
186996,20240509,IF,IF2406
187075,20240510,IF,IF2406
187154,20240513,IF,IF2406
187233,20240514,IF,IF2406
187312,20240515,IF,IF2406
187391,20240516,IF,IF2406
187470,20240517,IF,IF2406
187549,20240520,IF,IF2406
187628,20240521,IF,IF2406
187707,20240522,IF,IF2406
187786,20240523,IF,IF2406
187865,20240524,IF,IF2406
187944,20240527,IF,IF2406
188023,20240528,IF,IF2406
188102,20240529,IF,IF2406
188181,20240530,IF,IF2406
188260,20240531,IF,IF2406
188339,20240603,IF,IF2406
188418,20240604,IF,IF2406
188497,20240605,IF,IF2406
188576,20240606,IF,IF2406
188655,20240607,IF,IF2406
188734,20240611,IF,IF2406
188813,20240612,IF,IF2406
188892,20240613,IF,IF2406
188971,20240614,IF,IF2406
189050,20240617,IF,IF2406
189129,20240618,IF,IF2406
189208,20240619,IF,IF2409
189287,20240620,IF,IF2409
189366,20240621,IF,IF2409
189445,20240624,IF,IF2409
189524,20240625,IF,IF2409
189603,20240626,IF,IF2409
189682,20240627,IF,IF2409
189761,20240628,IF,IF2409
189840,20240701,IF,IF2409
189919,20240702,IF,IF2409
189998,20240703,IF,IF2409
190077,20240704,IF,IF2409
190156,20240705,IF,IF2409
190235,20240708,IF,IF2409
190314,20240709,IF,IF2409
190393,20240710,IF,IF2409
190472,20240711,IF,IF2409
190551,20240712,IF,IF2409
190630,20240715,IF,IF2409
190709,20240716,IF,IF2409
190788,20240717,IF,IF2409
190867,20240718,IF,IF2409
190946,20240719,IF,IF2409
191025,20240722,IF,IF2409
191104,20240723,IF,IF2409
191183,20240724,IF,IF2409
191262,20240725,IF,IF2409
191341,20240726,IF,IF2409
191420,20240729,IF,IF2409
191499,20240730,IF,IF2409
191578,20240731,IF,IF2409
191657,20240801,IF,IF2409
191736,20240802,IF,IF2409
191815,20240805,IF,IF2409
191894,20240806,IF,IF2409
191973,20240807,IF,IF2409
192052,20240808,IF,IF2409
192131,20240809,IF,IF2409
192210,20240812,IF,IF2409
192289,20240813,IF,IF2409
192368,20240814,IF,IF2409
192447,20240815,IF,IF2409
192526,20240816,IF,IF2409
192605,20240819,IF,IF2409
192684,20240820,IF,IF2409
192763,20240821,IF,IF2409
192842,20240822,IF,IF2409
192921,20240823,IF,IF2409
193000,20240826,IF,IF2409
193079,20240827,IF,IF2409
193158,20240828,IF,IF2409
193237,20240829,IF,IF2409
193396,20240830,IF,IF2409
193556,20240902,IF,IF2409
193716,20240903,IF,IF2409
193876,20240904,IF,IF2409
194036,20240905,IF,IF2409
194196,20240906,IF,IF2409
194356,20240909,IF,IF2409
194516,20240910,IF,IF2409
194676,20240911,IF,IF2409
194836,20240912,IF,IF2409
194996,20240913,IF,IF2409
195076,20240918,IF,IF2409
195156,20240919,IF,IF2412
195316,20240920,IF,IF2412
195476,20240923,IF,IF2412
195636,20240924,IF,IF2412
195796,20240925,IF,IF2412
195956,20240926,IF,IF2412
196116,20240927,IF,IF2412
196276,20240930,IF,IF2412
196436,20241008,IF,IF2412
196596,20241009,IF,IF2412
196756,20241010,IF,IF2412
196916,20241011,IF,IF2412
197076,20241014,IF,IF2412
197236,20241015,IF,IF2412
197396,20241016,IF,IF2412
197556,20241017,IF,IF2412
197716,20241018,IF,IF2412
197876,20241021,IF,IF2412
198036,20241022,IF,IF2412
198196,20241023,IF,IF2412
198356,20241024,IF,IF2412
198516,20241025,IF,IF2412
198676,20241028,IF,IF2412
198836,20241029,IF,IF2412
198996,20241030,IF,IF2412
199156,20241031,IF,IF2412
199316,20241101,IF,IF2412
199476,20241104,IF,IF2412
199556,20241105,IF,IF2412
199636,20241106,IF,IF2412
199796,20241107,IF,IF2412
199956,20241108,IF,IF2412
200116,20241111,IF,IF2412
200276,20241112,IF,IF2412
200436,20241113,IF,IF2412
200596,20241114,IF,IF2412
200756,20241115,IF,IF2412
200917,20241118,IF,IF2412
201079,20241119,IF,IF2412
201241,20241120,IF,IF2412
201403,20241121,IF,IF2412
201565,20241122,IF,IF2412
201727,20241125,IF,IF2412
201889,20241126,IF,IF2412
202051,20241127,IF,IF2412
202213,20241128,IF,IF2412
202375,20241129,IF,IF2412
202537,20241202,IF,IF2412
202699,20241203,IF,IF2412
202861,20241204,IF,IF2412
203023,20241205,IF,IF2412
203185,20241206,IF,IF2412
203347,20241209,IF,IF2412
203509,20241210,IF,IF2412
203671,20241211,IF,IF2412
203833,20241212,IF,IF2412
203995,20241213,IF,IF2412
204157,20241216,IF,IF2412
204319,20241217,IF,IF2412
204643,20241218,IF,IF2503
204886,20241219,IF,IF2503
205048,20241220,IF,IF2503
205210,20241223,IF,IF2503
205372,20241224,IF,IF2503
205534,20241225,IF,IF2503
205697,20241226,IF,IF2503
205861,20241227,IF,IF2503
206025,20241230,IF,IF2503
206107,20241231,IF,IF2503
206189,20250102,IF,IF2503
206271,20250103,IF,IF2503
206435,20250106,IF,IF2503
206599,20250107,IF,IF2503
206763,20250108,IF,IF2503
206927,20250109,IF,IF2503
207091,20250110,IF,IF2503
207255,20250113,IF,IF2503
207419,20250114,IF,IF2503
207583,20250115,IF,IF2503
207747,20250116,IF,IF2503
207911,20250117,IF,IF2503
208075,20250120,IF,IF2503
208239,20250121,IF,IF2503
208403,20250122,IF,IF2503
208567,20250123,IF,IF2503
208649,20250124,IF,IF2503
208813,20250127,IF,IF2503
208977,20250205,IF,IF2503
209141,20250206,IF,IF2503
209305,20250207,IF,IF2503
209469,20250210,IF,IF2503
209633,20250211,IF,IF2503
209797,20250212,IF,IF2503
209961,20250213,IF,IF2503
210125,20250214,IF,IF2503
210289,20250217,IF,IF2503
210453,20250218,IF,IF2503
210617,20250219,IF,IF2503
210781,20250220,IF,IF2503
210945,20250221,IF,IF2503
211109,20250224,IF,IF2503
211273,20250225,IF,IF2503
211437,20250226,IF,IF2503
211601,20250227,IF,IF2503
211765,20250228,IF,IF2503
211929,20250303,IF,IF2503
212093,20250304,IF,IF2503
212339,20250305,IF,IF2503
212421,20250306,IF,IF2503
212585,20250307,IF,IF2503
212749,20250310,IF,IF2503
212913,20250311,IF,IF2503
213077,20250312,IF,IF2503
213241,20250313,IF,IF2503
213405,20250314,IF,IF2503
213569,20250317,IF,IF2503
213733,20250318,IF,IF2506
213897,20250319,IF,IF2506
214061,20250320,IF,IF2506
214225,20250321,IF,IF2506
214389,20250324,IF,IF2506
214553,20250325,IF,IF2506
214717,20250326,IF,IF2506
214881,20250327,IF,IF2506
215045,20250328,IF,IF2506
215209,20250331,IF,IF2506
215373,20250401,IF,IF2506
215537,20250402,IF,IF2506
215701,20250403,IF,IF2506
215865,20250407,IF,IF2506
216029,20250408,IF,IF2506
216193,20250409,IF,IF2506
216357,20250410,IF,IF2506
216521,20250411,IF,IF2506
216685,20250414,IF,IF2506
216849,20250415,IF,IF2506
217013,20250416,IF,IF2506
217177,20250417,IF,IF2506
217341,20250418,IF,IF2506
217505,20250421,IF,IF2506
217669,20250422,IF,IF2506
217833,20250423,IF,IF2506
217997,20250424,IF,IF2506
218161,20250425,IF,IF2506
218325,20250428,IF,IF2506
218489,20250429,IF,IF2506
218653,20250430,IF,IF2506
218817,20250506,IF,IF2506
218981,20250507,IF,IF2506
219145,20250508,IF,IF2506
219309,20250509,IF,IF2506
219473,20250512,IF,IF2506
219637,20250513,IF,IF2506
219801,20250514,IF,IF2506
219965,20250515,IF,IF2506
220129,20250516,IF,IF2506
220293,20250519,IF,IF2506
220457,20250520,IF,IF2506
220621,20250521,IF,IF2506
220785,20250522,IF,IF2506
220949,20250523,IF,IF2506
221113,20250526,IF,IF2506
221277,20250527,IF,IF2506
221441,20250528,IF,IF2506
221605,20250529,IF,IF2506
221769,20250530,IF,IF2506
221933,20250603,IF,IF2506
222097,20250604,IF,IF2506
222261,20250605,IF,IF2506
222425,20250606,IF,IF2506
222589,20250609,IF,IF2506
222755,20250610,IF,IF2506
222921,20250611,IF,IF2506
223087,20250612,IF,IF2506
223253,20250613,IF,IF2506
223419,20250616,IF,IF2506
223585,20250617,IF,IF2506
223751,20250618,IF,IF2509
225115,20250619,IF,IF2509
249043,20250620,IF,IF2509
249209,20250623,IF,IF2509
249375,20250624,IF,IF2509
249541,20250625,IF,IF2509
249707,20250626,IF,IF2509
249873,20250627,IF,IF2509
250039,20250630,IF,IF2509
250205,20250701,IF,IF2509
250371,20250702,IF,IF2509
250537,20250703,IF,IF2509
250703,20250704,IF,IF2509
250869,20250707,IF,IF2509
251037,20250708,IF,IF2509
251205,20250709,IF,IF2509
251373,20250710,IF,IF2509
251541,20250711,IF,IF2509
251709,20250714,IF,IF2509
251877,20250715,IF,IF2509
252045,20250716,IF,IF2509
252213,20250717,IF,IF2509
252381,20250718,IF,IF2509
252549,20250721,IF,IF2509
252718,20250722,IF,IF2509
252888,20250723,IF,IF2509
253058,20250724,IF,IF2509
253228,20250725,IF,IF2509
253398,20250728,IF,IF2509
253568,20250729,IF,IF2509
253738,20250730,IF,IF2509
253908,20250731,IF,IF2509
254078,20250801,IF,IF2509
254248,20250804,IF,IF2509
254418,20250805,IF,IF2509
254588,20250806,IF,IF2509
254758,20250807,IF,IF2509
254928,20250808,IF,IF2509
